1,Q0,table-0255-236,1,9.345755085295657,DirichletLM
1,Q0,table-1423-774,2,7.332065484591263,DirichletLM
1,Q0,table-0255-225,3,7.325652268506956,DirichletLM
1,Q0,table-1042-895,4,5.31062230022161,DirichletLM
1,Q0,table-0529-770,5,4.798177412691799,DirichletLM
1,Q0,table-1071-345,6,4.630738853708227,DirichletLM
1,Q0,table-0529-771,7,4.478008836415971,DirichletLM
1,Q0,table-0165-510,8,4.415569099332528,DirichletLM
1,Q0,table-1554-330,9,4.310847937790219,DirichletLM
1,Q0,table-0875-680,10,4.196718411893995,DirichletLM
1,Q0,table-0730-168,11,4.155437696962239,DirichletLM
1,Q0,table-0125-805,12,4.112209229058752,DirichletLM
1,Q0,table-0389-400,13,4.111101381058283,DirichletLM
1,Q0,table-1389-751,14,4.0792549382758745,DirichletLM
1,Q0,table-0415-192,15,4.055970120532783,DirichletLM
1,Q0,table-0370-614,16,4.026008306415991,DirichletLM
1,Q0,table-0350-639,17,3.7326534420309736,DirichletLM
1,Q0,table-1000-57,18,3.6902585294920085,DirichletLM
1,Q0,table-1203-868,19,3.68402942197823,DirichletLM
1,Q0,table-1203-836,20,3.68402942197823,DirichletLM
2,Q0,table-0406-134,1,7.463969238684375,DirichletLM
2,Q0,table-1408-871,2,5.2841699368088,DirichletLM
2,Q0,table-1621-634,3,5.1646678909312875,DirichletLM
2,Q0,table-0218-15,4,4.936220155520473,DirichletLM
2,Q0,table-0398-518,5,4.796163414479167,DirichletLM
2,Q0,table-0529-770,6,4.704373908975649,DirichletLM
2,Q0,table-1408-869,7,4.578426669705987,DirichletLM
2,Q0,table-1064-455,8,4.531267569057672,DirichletLM
2,Q0,table-1064-381,9,4.300467940507004,DirichletLM
2,Q0,table-0375-830,10,4.1582754921476495,DirichletLM
2,Q0,table-0517-363,11,4.1017487586152175,DirichletLM
2,Q0,table-0530-747,12,4.0983428285540615,DirichletLM
2,Q0,table-0620-231,13,4.0983428285540615,DirichletLM
2,Q0,table-0891-125,14,4.096074440008159,DirichletLM
2,Q0,table-0517-237,15,4.094940914131558,DirichletLM
2,Q0,table-0367-57,16,4.08927995472933,DirichletLM
2,Q0,table-0391-82,17,4.088149094404535,DirichletLM
2,Q0,table-0092-846,18,4.085888702528827,DirichletLM
2,Q0,table-1629-769,19,3.7922979307391143,DirichletLM
2,Q0,table-1064-451,20,3.685688297421901,DirichletLM
3,Q0,table-0676-796,1,5.730161945725618,DirichletLM
3,Q0,table-0016-437,2,5.134440008106776,DirichletLM
3,Q0,table-1245-277,3,4.712009435725749,DirichletLM
3,Q0,table-1284-743,4,4.587999753212198,DirichletLM
3,Q0,table-0016-438,5,4.372507686849421,DirichletLM
3,Q0,table-1546-808,6,4.15471619595423,DirichletLM
3,Q0,table-0928-773,7,4.123055032088878,DirichletLM
3,Q0,table-0523-299,8,3.964329136925785,DirichletLM
3,Q0,table-0584-496,9,3.946206666486733,DirichletLM
3,Q0,table-1245-278,10,3.875569095340433,DirichletLM
3,Q0,table-1060-869,11,3.582574693126993,DirichletLM
3,Q0,table-1616-460,12,3.2886017408583665,DirichletLM
3,Q0,table-0735-912,13,3.2344122187900366,DirichletLM
3,Q0,table-0007-837,14,3.1076538994847325,DirichletLM
3,Q0,table-0110-38,15,3.0291479854272354,DirichletLM
3,Q0,table-1061-706,16,3.0096945580252012,DirichletLM
3,Q0,table-0258-207,17,2.992638015262431,DirichletLM
3,Q0,table-1438-931,18,2.9813227455385785,DirichletLM
3,Q0,table-0287-961,19,2.9588244632726597,DirichletLM
3,Q0,table-0909-908,20,2.9585513334431877,DirichletLM
4,Q0,table-0679-737,1,5.1358116083831415,DirichletLM
4,Q0,table-0397-909,2,4.618182628199846,DirichletLM
4,Q0,table-0453-683,3,4.447131753108761,DirichletLM
4,Q0,table-0504-474,4,4.339963712254146,DirichletLM
4,Q0,table-0025-65,5,4.289126468305002,DirichletLM
4,Q0,table-0817-919,6,4.150157559063891,DirichletLM
4,Q0,table-1511-87,7,3.5983237529129286,DirichletLM
4,Q0,table-0283-329,8,3.4975716212452856,DirichletLM
4,Q0,table-1417-138,9,3.470190055216406,DirichletLM
4,Q0,table-1417-147,10,3.4690425546716432,DirichletLM
4,Q0,table-1417-134,11,3.4678955102988436,DirichletLM
4,Q0,table-1417-145,12,3.4678955102988436,DirichletLM
4,Q0,table-1417-142,13,3.4678955102988436,DirichletLM
4,Q0,table-1417-140,14,3.4439123159295435,DirichletLM
4,Q0,table-0020-478,15,3.431407427543773,DirichletLM
4,Q0,table-1417-148,16,3.191609450846891,DirichletLM
4,Q0,table-1417-149,17,3.1904605796066363,DirichletLM
4,Q0,table-1417-135,18,3.1904605796066363,DirichletLM
4,Q0,table-1417-136,19,3.1847230750679323,DirichletLM
4,Q0,table-1417-137,20,3.1801412716728112,DirichletLM
5,Q0,table-1455-559,1,5.1787482462798256,DirichletLM
5,Q0,table-0452-375,2,4.8121599588839885,DirichletLM
5,Q0,table-0067-64,3,4.376198344793381,DirichletLM
5,Q0,table-0604-203,4,4.318176233038508,DirichletLM
5,Q0,table-1530-281,5,4.091247022148561,DirichletLM
5,Q0,table-0986-401,6,4.064418314671579,DirichletLM
5,Q0,table-1088-409,7,4.000506949772881,DirichletLM
5,Q0,table-1038-539,8,3.768967414251452,DirichletLM
5,Q0,table-1444-333,9,3.6100208258043516,DirichletLM
5,Q0,table-0094-799,10,3.441917785932304,DirichletLM
5,Q0,table-0513-19,11,3.4291283454821695,DirichletLM
5,Q0,table-0765-964,12,3.343685948928235,DirichletLM
5,Q0,table-1421-60,13,3.1963675618792013,DirichletLM
5,Q0,table-0407-989,14,3.1381461565161777,DirichletLM
5,Q0,table-1421-59,15,3.131632849557503,DirichletLM
5,Q0,table-1647-516,16,3.100138048229792,DirichletLM
5,Q0,table-1143-49,17,3.092170481401936,DirichletLM
5,Q0,table-1465-272,18,2.8017013786307996,DirichletLM
5,Q0,table-0600-601,19,2.7951102250668605,DirichletLM
5,Q0,table-0735-615,20,2.722753795324977,DirichletLM
6,Q0,table-0094-625,1,5.322711361067192,DirichletLM
6,Q0,table-1228-309,2,5.233629660181743,DirichletLM
6,Q0,table-0329-28,3,4.67470552147045,DirichletLM
6,Q0,table-1008-856,4,4.557975249016151,DirichletLM
6,Q0,table-0720-762,5,4.517808075854228,DirichletLM
6,Q0,table-0722-993,6,4.251249823335403,DirichletLM
6,Q0,table-0386-340,7,3.7529156660646548,DirichletLM
6,Q0,table-1280-419,8,3.7206640327475635,DirichletLM
6,Q0,table-1488-888,9,3.7152439100859347,DirichletLM
6,Q0,table-0699-968,10,3.7107554044886424,DirichletLM
6,Q0,table-1421-346,11,3.683451489102554,DirichletLM
6,Q0,table-0364-358,12,3.682011913129639,DirichletLM
6,Q0,table-0313-748,13,3.6667538054312216,DirichletLM
6,Q0,table-0748-163,14,3.630728397926858,DirichletLM
6,Q0,table-1393-928,15,3.5466112702532944,DirichletLM
6,Q0,table-1495-660,16,3.532597935692221,DirichletLM
6,Q0,table-1560-416,17,3.443462883995648,DirichletLM
6,Q0,table-0197-91,18,3.2894049936219383,DirichletLM
6,Q0,table-0255-230,19,3.25062568412789,DirichletLM
6,Q0,table-0805-12,20,2.9881511254486455,DirichletLM
7,Q0,table-0453-279,1,7.658731239755958,DirichletLM
7,Q0,table-0453-280,2,7.6281149222197495,DirichletLM
7,Q0,table-0592-701,3,6.986227631536929,DirichletLM
7,Q0,table-0127-274,4,5.90568387810982,DirichletLM
7,Q0,table-0519-449,5,5.730558781980514,DirichletLM
7,Q0,table-0208-892,6,4.868938836501461,DirichletLM
7,Q0,table-1344-229,7,4.767444001849222,DirichletLM
7,Q0,table-0289-553,8,4.5326215580303835,DirichletLM
7,Q0,table-0289-556,9,4.513359114062627,DirichletLM
7,Q0,table-0289-558,10,4.4886206219933555,DirichletLM
7,Q0,table-0289-557,11,4.479677135308002,DirichletLM
7,Q0,table-0870-141,12,4.441973577011403,DirichletLM
7,Q0,table-0765-999,13,4.437570081182626,DirichletLM
7,Q0,table-0289-554,14,4.377693775063975,DirichletLM
7,Q0,table-0291-159,15,4.366306228204841,DirichletLM
7,Q0,table-1375-849,16,4.251651409911885,DirichletLM
7,Q0,table-0776-561,17,4.242028875609154,DirichletLM
7,Q0,table-1591-498,18,4.120827928012041,DirichletLM
7,Q0,table-1417-774,19,4.092290290620044,DirichletLM
7,Q0,table-0695-982,20,3.9620678557184275,DirichletLM
8,Q0,table-0145-207,1,7.539772771419609,DirichletLM
8,Q0,table-0176-187,2,7.1608429520260355,DirichletLM
8,Q0,table-1358-28,3,5.667522173257461,DirichletLM
8,Q0,table-1389-264,4,4.801279692532749,DirichletLM
8,Q0,table-0044-50,5,4.462038265930685,DirichletLM
8,Q0,table-1389-263,6,3.9975994754133586,DirichletLM
8,Q0,table-0676-796,7,3.9102830286103023,DirichletLM
8,Q0,table-0177-459,8,3.7532020759913203,DirichletLM
8,Q0,table-1610-48,9,3.431611297905842,DirichletLM
8,Q0,table-0633-54,10,3.3508001777253646,DirichletLM
8,Q0,table-0366-991,11,3.3126569668590986,DirichletLM
8,Q0,table-1492-768,12,3.2224047827803233,DirichletLM
8,Q0,table-1509-515,13,3.2129330364381112,DirichletLM
8,Q0,table-0633-57,14,3.0472224934773475,DirichletLM
8,Q0,table-1125-871,15,2.7486228039458944,DirichletLM
8,Q0,table-0350-520,16,2.7090044964423026,DirichletLM
8,Q0,table-1492-769,17,2.6726664079826006,DirichletLM
8,Q0,table-0735-912,18,2.583352799875021,DirichletLM
8,Q0,table-1272-540,19,2.55848741334595,DirichletLM
8,Q0,table-1478-421,20,2.518238521407999,DirichletLM
9,Q0,table-1619-337,1,8.163900160670018,DirichletLM
9,Q0,table-0601-200,2,8.151948058619414,DirichletLM
9,Q0,table-1415-938,3,7.508507189078559,DirichletLM
9,Q0,table-1619-336,4,7.2323481572877935,DirichletLM
9,Q0,table-0371-315,5,5.333472473540415,DirichletLM
9,Q0,table-0601-199,6,5.04629029780509,DirichletLM
9,Q0,table-0601-201,7,4.996386926086535,DirichletLM
9,Q0,table-0223-889,8,4.213206151944336,DirichletLM
9,Q0,table-0600-579,9,3.949061589773273,DirichletLM
9,Q0,table-0035-755,10,3.759056785032792,DirichletLM
9,Q0,table-1050-420,11,3.5188345895635518,DirichletLM
9,Q0,table-0947-650,12,3.415224883976602,DirichletLM
9,Q0,table-1627-471,13,3.1563955298892057,DirichletLM
9,Q0,table-0731-979,14,2.997204525927999,DirichletLM
9,Q0,table-0123-459,15,2.9824287594887178,DirichletLM
9,Q0,table-0523-299,16,2.9768104173963237,DirichletLM
9,Q0,table-0293-842,17,2.843619882416843,DirichletLM
9,Q0,table-1524-764,18,2.5973989954195136,DirichletLM
9,Q0,table-0371-314,19,2.5914373446534387,DirichletLM
9,Q0,table-0132-349,20,2.552227592718887,DirichletLM
10,Q0,table-1384-649,1,14.86482050717039,DirichletLM
10,Q0,table-1091-421,2,9.660112993445,DirichletLM
10,Q0,table-1387-237,3,9.653935992089838,DirichletLM
10,Q0,table-0791-274,4,5.510283510729693,DirichletLM
10,Q0,table-0152-596,5,5.502948944493157,DirichletLM
10,Q0,table-0984-275,6,5.0930387287032275,DirichletLM
10,Q0,table-0384-349,7,3.605344577352002,DirichletLM
10,Q0,table-0384-352,8,3.319953318405759,DirichletLM
10,Q0,table-1398-928,9,3.2428867718957712,DirichletLM
10,Q0,table-0909-884,10,2.725439350025879,DirichletLM
10,Q0,table-0384-350,11,2.691339469380697,DirichletLM
10,Q0,table-0594-686,12,2.48666987658566,DirichletLM
10,Q0,table-0854-910,13,2.4275686788928943,DirichletLM
10,Q0,table-1384-652,14,2.2319546976844054,DirichletLM
10,Q0,table-0676-796,15,2.20140427921282,DirichletLM
10,Q0,table-1003-767,16,2.092944402647089,DirichletLM
10,Q0,table-1482-885,17,2.027156924903705,DirichletLM
10,Q0,table-1522-309,18,1.9256022377658397,DirichletLM
10,Q0,table-0687-346,19,1.4293536844437513,DirichletLM
10,Q0,table-0076-117,20,1.4251275516790958,DirichletLM
11,Q0,table-0763-39,1,7.884181489242405,DirichletLM
11,Q0,table-1445-112,2,4.521204365304561,DirichletLM
11,Q0,table-0362-968,3,4.4405571988880554,DirichletLM
11,Q0,table-0167-266,4,4.075993571723386,DirichletLM
11,Q0,table-1228-309,5,3.7773517074650504,DirichletLM
11,Q0,table-0088-469,6,3.7668885815350635,DirichletLM
11,Q0,table-1264-72,7,3.7483005743986046,DirichletLM
11,Q0,table-1574-248,8,3.6592186083617517,DirichletLM
11,Q0,table-0243-839,9,3.629360224763029,DirichletLM
11,Q0,table-1560-416,10,3.3902429390882656,DirichletLM
11,Q0,table-0066-658,11,3.2228128113889745,DirichletLM
11,Q0,table-0094-625,12,2.7883997664305578,DirichletLM
11,Q0,table-1016-927,13,2.629072607466656,DirichletLM
11,Q0,table-0872-375,14,2.605066903835736,DirichletLM
11,Q0,table-1526-947,15,2.601240946339631,DirichletLM
11,Q0,table-1482-244,16,2.4845255526705894,DirichletLM
11,Q0,table-0367-173,17,2.465785830150217,DirichletLM
11,Q0,table-1204-834,18,2.463911258803201,DirichletLM
11,Q0,table-0350-520,19,2.442436143505074,DirichletLM
11,Q0,table-0028-393,20,2.4189325476900914,DirichletLM
12,Q0,table-0943-565,1,6.774691035090481,DirichletLM
12,Q0,table-0154-371,2,4.914106623000015,DirichletLM
12,Q0,table-1535-319,3,4.817804648885781,DirichletLM
12,Q0,table-1520-40,4,4.7256272042577026,DirichletLM
12,Q0,table-0066-658,5,4.51876251877921,DirichletLM
12,Q0,table-0972-522,6,3.9248957245780383,DirichletLM
12,Q0,table-1028-382,7,3.8083824192045888,DirichletLM
12,Q0,table-1591-155,8,3.7374173824889927,DirichletLM
12,Q0,table-1315-700,9,3.649912722241102,DirichletLM
12,Q0,table-1638-815,10,3.374638380467825,DirichletLM
12,Q0,table-1290-247,11,3.2307848216758495,DirichletLM
12,Q0,table-1016-408,12,3.180506218430097,DirichletLM
12,Q0,table-0137-745,13,3.1677884385945076,DirichletLM
12,Q0,table-1603-50,14,2.6641240927826617,DirichletLM
12,Q0,table-0256-406,15,2.627896414960194,DirichletLM
12,Q0,table-1536-952,16,2.6254349657979406,DirichletLM
12,Q0,table-1520-42,17,2.53926861384692,DirichletLM
12,Q0,table-1204-834,18,2.512306541040205,DirichletLM
12,Q0,table-0998-667,19,2.475504940621443,DirichletLM
12,Q0,table-0003-319,20,2.4732067142393825,DirichletLM
13,Q0,table-1036-133,1,7.89893915587067,DirichletLM
13,Q0,table-0674-36,2,6.3739407074344205,DirichletLM
13,Q0,table-0686-862,3,5.838245918317318,DirichletLM
13,Q0,table-1640-284,4,5.524741677322606,DirichletLM
13,Q0,table-1365-737,5,5.467830908469347,DirichletLM
13,Q0,table-1600-333,6,5.1948273560401965,DirichletLM
13,Q0,table-0263-444,7,5.095623651255639,DirichletLM
13,Q0,table-0311-394,8,5.091143230973741,DirichletLM
13,Q0,table-0408-468,9,5.020625162486108,DirichletLM
13,Q0,table-1515-997,10,4.709315913098526,DirichletLM
13,Q0,table-0925-91,11,4.217017241391448,DirichletLM
13,Q0,table-1447-381,12,4.1795966311254755,DirichletLM
13,Q0,table-1574-853,13,4.162693301695107,DirichletLM
13,Q0,table-1320-890,14,4.157080792472113,DirichletLM
13,Q0,table-0690-529,15,4.152598632220474,DirichletLM
13,Q0,table-1243-683,16,4.149241575318481,DirichletLM
13,Q0,table-1636-388,17,4.148123423751774,DirichletLM
13,Q0,table-1602-180,18,4.130291678582899,DirichletLM
13,Q0,table-1602-178,19,4.125850908053732,DirichletLM
13,Q0,table-1447-380,20,4.1026483354962044,DirichletLM
14,Q0,table-0354-325,1,6.437001672510937,DirichletLM
14,Q0,table-1009-255,2,6.048700486785438,DirichletLM
14,Q0,table-1579-348,3,5.111118508711995,DirichletLM
14,Q0,table-0529-770,4,4.798177412691799,DirichletLM
14,Q0,table-0529-771,5,4.478008836415971,DirichletLM
14,Q0,table-1344-657,6,4.466338775994075,DirichletLM
14,Q0,table-1579-731,7,4.190763626676103,DirichletLM
14,Q0,table-1389-751,8,4.0792549382758745,DirichletLM
14,Q0,table-1344-665,9,3.949122566889762,DirichletLM
14,Q0,table-0415-192,10,3.932679473385924,DirichletLM
14,Q0,table-1277-865,11,3.8404206516300747,DirichletLM
14,Q0,table-0350-639,12,3.7326534420309736,DirichletLM
14,Q0,table-0297-285,13,3.636198822992286,DirichletLM
14,Q0,table-1447-122,14,3.4392522268678123,DirichletLM
14,Q0,table-1492-768,15,3.1324876159781385,DirichletLM
14,Q0,table-0521-808,16,2.9626140371689327,DirichletLM
14,Q0,table-0521-809,17,2.9526403020371776,DirichletLM
14,Q0,table-1277-861,18,2.946776937855723,DirichletLM
14,Q0,table-0521-811,19,2.8562443072977333,DirichletLM
14,Q0,table-1023-380,20,2.848046570582733,DirichletLM
15,Q0,table-0873-938,1,5.301784336956551,DirichletLM
15,Q0,table-0352-848,2,5.010351534756027,DirichletLM
15,Q0,table-1272-413,3,4.4140937370081605,DirichletLM
15,Q0,table-0842-845,4,4.400334920220314,DirichletLM
15,Q0,table-0914-101,5,4.050467571034968,DirichletLM
15,Q0,table-0904-852,6,4.04933315384647,DirichletLM
15,Q0,table-0311-811,7,3.960627900217648,DirichletLM
15,Q0,table-1471-514,8,3.8228831927555365,DirichletLM
15,Q0,table-1488-934,9,3.684361034018088,DirichletLM
15,Q0,table-1107-806,10,3.6552514537275718,DirichletLM
15,Q0,table-0547-658,11,3.6506549595005153,DirichletLM
15,Q0,table-1413-648,12,3.540932548737964,DirichletLM
15,Q0,table-1405-152,13,3.446942210185275,DirichletLM
15,Q0,table-0311-929,14,3.360841617014951,DirichletLM
15,Q0,table-0310-209,15,3.336510855061088,DirichletLM
15,Q0,table-0186-670,16,3.333824340918612,DirichletLM
15,Q0,table-1332-348,17,3.2787248034245566,DirichletLM
15,Q0,table-1234-160,18,3.237214289143486,DirichletLM
15,Q0,table-0311-758,19,3.236930121638025,DirichletLM
15,Q0,table-0535-617,20,3.1430062986078022,DirichletLM
16,Q0,table-0704-620,1,3.5021429346174484,DirichletLM
16,Q0,table-0687-978,2,3.466358467593455,DirichletLM
16,Q0,table-1573-730,3,3.2877017264372337,DirichletLM
16,Q0,table-0218-202,4,3.2735603025147366,DirichletLM
16,Q0,table-1441-100,5,2.998665953689499,DirichletLM
16,Q0,table-0190-739,6,2.929252183808045,DirichletLM
16,Q0,table-0327-289,7,2.922379476910184,DirichletLM
16,Q0,table-0521-373,8,2.9189492525135847,DirichletLM
16,Q0,table-1375-531,9,2.9098218741416217,DirichletLM
16,Q0,table-0293-509,10,2.831498966464845,DirichletLM
16,Q0,table-1640-1,11,2.7707345910745693,DirichletLM
16,Q0,table-0474-713,12,2.6437248683963985,DirichletLM
16,Q0,table-0504-737,13,2.6437248683963985,DirichletLM
16,Q0,table-1050-354,14,2.6437248683963985,DirichletLM
16,Q0,table-1102-154,15,2.6437248683963985,DirichletLM
16,Q0,table-1029-112,16,2.6437248683963985,DirichletLM
16,Q0,table-1014-746,17,2.6437248683963985,DirichletLM
16,Q0,table-0811-503,18,2.6431647072397246,DirichletLM
16,Q0,table-1084-897,19,2.6431647072397246,DirichletLM
16,Q0,table-1037-965,20,2.6431647072397246,DirichletLM
17,Q0,table-0610-865,1,7.812845817703559,DirichletLM
17,Q0,table-0378-190,2,6.628867429261419,DirichletLM
17,Q0,table-0677-684,3,5.900280583202269,DirichletLM
17,Q0,table-1433-477,4,5.554130531545231,DirichletLM
17,Q0,table-0024-136,5,5.493657505108038,DirichletLM
17,Q0,table-0954-674,6,5.438020828432131,DirichletLM
17,Q0,table-1365-564,7,5.242908846148733,DirichletLM
17,Q0,table-0244-3,8,4.602345924137177,DirichletLM
17,Q0,table-0089-934,9,4.421904180936259,DirichletLM
17,Q0,table-1051-597,10,4.364458084235856,DirichletLM
17,Q0,table-1585-588,11,4.03063794474351,DirichletLM
17,Q0,table-0378-62,12,3.9858677017173045,DirichletLM
17,Q0,table-1391-524,13,3.7838618421069348,DirichletLM
17,Q0,table-1258-777,14,3.554299405759032,DirichletLM
17,Q0,table-0160-841,15,3.5448628449741415,DirichletLM
17,Q0,table-1027-78,16,3.4577530333871103,DirichletLM
17,Q0,table-1585-589,17,3.361476613526864,DirichletLM
17,Q0,table-1027-79,18,3.357038228812802,DirichletLM
17,Q0,table-1442-91,19,3.117868487044792,DirichletLM
17,Q0,table-0087-619,20,3.1173898894528476,DirichletLM
18,Q0,table-0871-314,1,6.94143751448379,DirichletLM
18,Q0,table-0307-810,2,6.535077757686349,DirichletLM
18,Q0,table-0148-534,3,6.339988278409707,DirichletLM
18,Q0,table-0650-178,4,5.3268024534019585,DirichletLM
18,Q0,table-0650-177,5,5.091774525881159,DirichletLM
18,Q0,table-0650-179,6,5.012034185485265,DirichletLM
18,Q0,table-0016-437,7,5.010740314134042,DirichletLM
18,Q0,table-0650-180,8,4.039258782103867,DirichletLM
18,Q0,table-1526-871,9,3.5651965173571836,DirichletLM
18,Q0,table-1186-513,10,3.5252442374854027,DirichletLM
18,Q0,table-1335-335,11,3.5032463441997557,DirichletLM
18,Q0,table-0884-202,12,3.39568757463919,DirichletLM
18,Q0,table-0899-963,13,3.170779300405056,DirichletLM
18,Q0,table-0587-437,14,3.1650645231719454,DirichletLM
18,Q0,table-0884-203,15,3.142317932513106,DirichletLM
18,Q0,table-1515-871,16,3.1287555569826027,DirichletLM
18,Q0,table-0024-849,17,3.1231233278240134,DirichletLM
18,Q0,table-0575-375,18,2.9797102686752295,DirichletLM
18,Q0,table-1161-330,19,2.905839733197954,DirichletLM
18,Q0,table-1090-238,20,2.806526371850406,DirichletLM
19,Q0,table-0540-631,1,7.492709070066516,DirichletLM
19,Q0,table-0985-716,2,6.852459606668314,DirichletLM
19,Q0,table-0934-853,3,5.718198466768143,DirichletLM
19,Q0,table-0258-771,4,4.720745514025373,DirichletLM
19,Q0,table-1511-448,5,4.3008787405687645,DirichletLM
19,Q0,table-1604-500,6,4.300347263295895,DirichletLM
19,Q0,table-1593-160,7,4.2987540052202275,DirichletLM
19,Q0,table-0090-107,8,4.255654519486398,DirichletLM
19,Q0,table-0477-224,9,4.188986823904479,DirichletLM
19,Q0,table-0009-819,10,4.174221024161757,DirichletLM
19,Q0,table-0798-223,11,3.7272333574483216,DirichletLM
19,Q0,table-0388-272,12,3.709132545172484,DirichletLM
19,Q0,table-1069-733,13,3.627151793535533,DirichletLM
19,Q0,table-1630-157,14,3.6009659962995526,DirichletLM
19,Q0,table-1069-764,15,3.445216217833904,DirichletLM
19,Q0,table-0025-65,16,3.300040819743603,DirichletLM
19,Q0,table-1453-183,17,3.0837315229230278,DirichletLM
19,Q0,table-1571-140,18,3.068991197705463,DirichletLM
19,Q0,table-0914-103,19,3.0350282430366518,DirichletLM
19,Q0,table-1630-520,20,2.902594165165787,DirichletLM
20,Q0,table-1591-498,1,7.682954678716928,DirichletLM
20,Q0,table-0397-906,2,6.927219791163843,DirichletLM
20,Q0,table-0397-592,3,6.9254288926570275,DirichletLM
20,Q0,table-1525-977,4,6.924554609033569,DirichletLM
20,Q0,table-0397-591,5,6.237980720232714,DirichletLM
20,Q0,table-1051-457,6,5.479756415629077,DirichletLM
20,Q0,table-1168-285,7,5.420637281502101,DirichletLM
20,Q0,table-0397-909,8,5.064121262821436,DirichletLM
20,Q0,table-0232-312,9,4.230007722965097,DirichletLM
20,Q0,table-1399-484,10,4.028355260932638,DirichletLM
20,Q0,table-0202-12,11,3.821692476167426,DirichletLM
20,Q0,table-1531-714,12,3.598015398528191,DirichletLM
20,Q0,table-1531-715,13,3.3788109094924366,DirichletLM
20,Q0,table-1051-395,14,3.2850966605030045,DirichletLM
20,Q0,table-0591-410,15,2.802540117554353,DirichletLM
20,Q0,table-0397-907,16,2.704778734931101,DirichletLM
20,Q0,table-0636-282,17,2.636888987771153,DirichletLM
20,Q0,table-1605-36,18,2.5246132981671274,DirichletLM
20,Q0,table-0298-771,19,2.460932901433645,DirichletLM
20,Q0,table-1420-810,20,2.3979781305728847,DirichletLM
21,Q0,table-1207-486,1,7.871390352613354,DirichletLM
21,Q0,table-1350-462,2,6.9571769703903605,DirichletLM
21,Q0,table-0949-390,3,5.457688659991016,DirichletLM
21,Q0,table-1493-389,4,5.030461721215819,DirichletLM
21,Q0,table-1483-428,5,4.599466950696206,DirichletLM
21,Q0,table-1410-903,6,4.427859062487861,DirichletLM
21,Q0,table-0496-390,7,4.125704132442873,DirichletLM
21,Q0,table-0683-881,8,3.9559967465202073,DirichletLM
21,Q0,table-1035-871,9,3.594147679174245,DirichletLM
21,Q0,table-0222-392,10,3.5300415212686627,DirichletLM
21,Q0,table-0644-803,11,3.5151682447871324,DirichletLM
21,Q0,table-0674-290,12,3.5111899616728763,DirichletLM
21,Q0,table-0057-386,13,3.497070696102417,DirichletLM
21,Q0,table-0279-36,14,3.492581559719892,DirichletLM
21,Q0,table-0179-874,15,3.483644976497741,DirichletLM
21,Q0,table-0492-926,16,3.4736570478603834,DirichletLM
21,Q0,table-1314-12,17,3.4703430455435313,DirichletLM
21,Q0,table-0442-334,18,3.21038690343747,DirichletLM
21,Q0,table-0966-731,19,3.0690868682888945,DirichletLM
21,Q0,table-0546-462,20,3.035412334899203,DirichletLM
22,Q0,table-1283-61,1,5.800782685120759,DirichletLM
22,Q0,table-1383-553,2,5.7843978776459615,DirichletLM
22,Q0,table-1360-400,3,5.754925726439847,DirichletLM
22,Q0,table-0401-930,4,5.70037601326427,DirichletLM
23,Q0,table-1007-467,1,5.841172034093397,DirichletLM
23,Q0,table-0496-390,2,4.791709332564314,DirichletLM
23,Q0,table-1554-331,3,4.443915619500444,DirichletLM
23,Q0,table-1554-330,4,4.391149038319108,DirichletLM
23,Q0,table-1070-327,5,4.26543808333523,DirichletLM
23,Q0,table-1070-326,6,4.205110195515657,DirichletLM
23,Q0,table-0255-236,7,3.940355391298615,DirichletLM
23,Q0,table-1257-598,8,3.7781892732660736,DirichletLM
23,Q0,table-0864-292,9,3.60732022223689,DirichletLM
23,Q0,table-0255-225,10,3.41828792722322,DirichletLM
23,Q0,table-0498-297,11,3.052734198304073,DirichletLM
23,Q0,table-1040-678,12,2.9852414656454744,DirichletLM
23,Q0,table-0240-583,13,2.6390929085949475,DirichletLM
23,Q0,table-0255-240,14,2.5618453452124745,DirichletLM
23,Q0,table-0255-227,15,2.2739591858193533,DirichletLM
23,Q0,table-0339-698,16,2.2459503595166157,DirichletLM
23,Q0,table-1226-910,17,2.2419500141980526,DirichletLM
23,Q0,table-1445-479,18,2.211457477067965,DirichletLM
23,Q0,table-0255-230,19,2.1974715136325247,DirichletLM
23,Q0,table-0943-565,20,2.183998405242048,DirichletLM
24,Q0,table-1579-731,1,4.190763626676103,DirichletLM
24,Q0,table-1277-865,2,3.8404206516300747,DirichletLM
24,Q0,table-1492-768,3,3.1324876159781385,DirichletLM
24,Q0,table-0354-325,4,3.0843685657682975,DirichletLM
24,Q0,table-0521-808,5,2.9626140371689327,DirichletLM
24,Q0,table-0521-809,6,2.9526403020371776,DirichletLM
24,Q0,table-1277-861,7,2.946776937855723,DirichletLM
24,Q0,table-0521-811,8,2.8562443072977333,DirichletLM
24,Q0,table-0521-832,9,2.737939539985695,DirichletLM
24,Q0,table-0370-691,10,2.702264824601471,DirichletLM
24,Q0,table-1492-801,11,2.702215102448717,DirichletLM
24,Q0,table-1277-863,12,2.692826339639831,DirichletLM
24,Q0,table-1492-825,13,2.646892282810092,DirichletLM
24,Q0,table-0521-820,14,2.3506100315023177,DirichletLM
24,Q0,table-1492-782,15,2.3021469337765956,DirichletLM
24,Q0,table-1492-790,16,2.2606580919886947,DirichletLM
24,Q0,table-1492-789,17,2.2067262824594933,DirichletLM
24,Q0,table-0165-702,18,2.074094201835816,DirichletLM
24,Q0,table-0729-940,19,1.9609994890603621,DirichletLM
24,Q0,table-0521-825,20,1.8663447663021557,DirichletLM
25,Q0,table-0999-416,1,6.0105165618731515,DirichletLM
25,Q0,table-1396-859,2,5.688146192676308,DirichletLM
25,Q0,table-0969-3,3,5.314542186498256,DirichletLM
25,Q0,table-1469-457,4,5.158457219400544,DirichletLM
25,Q0,table-1469-456,5,5.1482101885120795,DirichletLM
25,Q0,table-1469-455,6,5.143951309389385,DirichletLM
25,Q0,table-0569-908,7,5.14054872635147,DirichletLM
25,Q0,table-1469-454,8,5.14054872635147,DirichletLM
25,Q0,table-1469-452,9,5.135452363386669,DirichletLM
25,Q0,table-1469-451,10,5.133755574110028,DirichletLM
25,Q0,table-0569-907,11,5.130364986079712,DirichletLM
25,Q0,table-0569-906,12,5.128671184985121,DirichletLM
25,Q0,table-1469-453,13,5.126978377613728,DirichletLM
25,Q0,table-0569-903,14,5.1235957393813205,DirichletLM
25,Q0,table-0569-909,15,5.1235957393813205,DirichletLM
25,Q0,table-0569-905,16,5.113471553268798,DirichletLM
25,Q0,table-0569-904,17,5.1075821415222835,DirichletLM
25,Q0,table-0569-902,18,5.053713153616904,DirichletLM
25,Q0,table-1169-159,19,4.805195710547482,DirichletLM
25,Q0,table-1419-802,20,4.47490055315322,DirichletLM
26,Q0,table-0529-770,1,15.199688092530184,DirichletLM
26,Q0,table-0529-771,2,14.766023291920238,DirichletLM
26,Q0,table-0109-237,3,12.371569513892508,DirichletLM
26,Q0,table-0406-134,4,6.602479024138545,DirichletLM
26,Q0,table-0375-830,5,6.515849211307716,DirichletLM
26,Q0,table-0029-647,6,6.162819340658288,DirichletLM
26,Q0,table-1114-900,7,6.109138242712599,DirichletLM
26,Q0,table-0001-249,8,5.826796418861152,DirichletLM
26,Q0,table-0713-460,9,5.175472016303337,DirichletLM
26,Q0,table-1108-641,10,5.021849025264444,DirichletLM
26,Q0,table-1479-337,11,4.962160587262659,DirichletLM
26,Q0,table-0375-831,12,4.952106958763745,DirichletLM
26,Q0,table-0837-299,13,4.9206853048035315,DirichletLM
26,Q0,table-0146-116,14,4.913916002864988,DirichletLM
26,Q0,table-1567-612,15,4.6739535327293495,DirichletLM
26,Q0,table-1289-998,16,4.641410336354003,DirichletLM
26,Q0,table-1482-914,17,4.533782137962848,DirichletLM
26,Q0,table-1378-44,18,4.510904237708338,DirichletLM
26,Q0,table-0218-222,19,4.504571082817119,DirichletLM
26,Q0,table-0853-63,20,4.012639915154656,DirichletLM
27,Q0,table-0012-931,1,5.2880624042175,DirichletLM
27,Q0,table-1258-760,2,5.2551849945355835,DirichletLM
27,Q0,table-1397-842,3,4.5671225994191085,DirichletLM
27,Q0,table-0255-236,4,3.909717636429812,DirichletLM
27,Q0,table-1405-152,5,3.1713608685220716,DirichletLM
27,Q0,table-0296-506,6,3.1533717711242235,DirichletLM
27,Q0,table-0065-495,7,3.092702996339152,DirichletLM
27,Q0,table-0610-22,8,3.0518461492245517,DirichletLM
27,Q0,table-0610-21,9,3.048091224150322,DirichletLM
27,Q0,table-0255-240,10,3.005379739323297,DirichletLM
27,Q0,table-0498-295,11,2.9517358864878727,DirichletLM
27,Q0,table-0498-296,12,2.893533274620566,DirichletLM
27,Q0,table-0498-294,13,2.888747828277647,DirichletLM
27,Q0,table-0415-192,14,2.8016779435673826,DirichletLM
27,Q0,table-0255-225,15,2.715873122128312,DirichletLM
27,Q0,table-0062-485,16,2.574378300707021,DirichletLM
27,Q0,table-0464-505,17,2.5727517656540386,DirichletLM
27,Q0,table-0356-179,18,2.5438912136434677,DirichletLM
27,Q0,table-0045-396,19,2.3656511869867045,DirichletLM
27,Q0,table-0255-230,20,2.314914427386261,DirichletLM
28,Q0,table-1188-685,1,7.043006849035437,DirichletLM
28,Q0,table-1518-807,2,6.85159320890382,DirichletLM
28,Q0,table-1538-740,3,5.828621946900297,DirichletLM
28,Q0,table-1583-420,4,5.4567905353418915,DirichletLM
28,Q0,table-0011-447,5,4.913700280600041,DirichletLM
28,Q0,table-1517-625,6,4.754108577370614,DirichletLM
28,Q0,table-0326-298,7,4.6791584081610385,DirichletLM
28,Q0,table-1548-900,8,4.668433607776848,DirichletLM
28,Q0,table-0011-448,9,4.462605617681014,DirichletLM
28,Q0,table-0801-695,10,4.0382424348024575,DirichletLM
28,Q0,table-1320-478,11,3.858208237413324,DirichletLM
28,Q0,table-0668-289,12,3.8525204440559504,DirichletLM
28,Q0,table-0254-402,13,3.808060473942302,DirichletLM
28,Q0,table-0587-13,14,3.326487470601331,DirichletLM
28,Q0,table-1171-215,15,3.0746452445566184,DirichletLM
28,Q0,table-0230-966,16,3.0450194255220784,DirichletLM
28,Q0,table-1517-609,17,2.924950332331608,DirichletLM
28,Q0,table-0011-452,18,2.8616237654532797,DirichletLM
28,Q0,table-1272-413,19,2.7745228231829206,DirichletLM
28,Q0,table-0350-520,20,2.6682210914236064,DirichletLM
29,Q0,table-1403-324,1,7.1053454275333685,DirichletLM
29,Q0,table-0208-892,2,5.240116009362934,DirichletLM
29,Q0,table-1186-513,3,4.937635670979926,DirichletLM
29,Q0,table-0350-929,4,4.628041370176906,DirichletLM
29,Q0,table-0357-260,5,3.8413596963129213,DirichletLM
29,Q0,table-0357-944,6,3.8413596963129213,DirichletLM
29,Q0,table-0427-705,7,3.8369000507855975,DirichletLM
29,Q0,table-0428-118,8,3.8369000507855975,DirichletLM
29,Q0,table-0428-148,9,3.8369000507855975,DirichletLM
29,Q0,table-0427-720,10,3.835786215573241,DirichletLM
29,Q0,table-0427-703,11,3.8346728101641805,DirichletLM
29,Q0,table-0428-156,12,3.8346728101641805,DirichletLM
29,Q0,table-0428-136,13,3.833559834226841,DirichletLM
29,Q0,table-0356-511,14,3.832447287430031,DirichletLM
29,Q0,table-0356-611,15,3.830223479935153,DirichletLM
29,Q0,table-0357-364,16,3.8291122185766153,DirichletLM
29,Q0,table-0355-422,17,3.821345349602159,DirichletLM
29,Q0,table-0355-804,18,3.816916507471275,DirichletLM
29,Q0,table-0357-162,19,3.8135993313077465,DirichletLM
29,Q0,table-0355-972,20,3.811389997293389,DirichletLM
30,Q0,table-0458-118,1,6.655471764730935,DirichletLM
30,Q0,table-0105-711,2,5.04607608592229,DirichletLM
30,Q0,table-0596-452,3,4.359564345010997,DirichletLM
30,Q0,table-1000-972,4,4.324852556748263,DirichletLM
30,Q0,table-0458-122,5,4.109606700929526,DirichletLM
30,Q0,table-1434-888,6,3.90806350223869,DirichletLM
30,Q0,table-1616-460,7,3.8578976462124417,DirichletLM
30,Q0,table-0465-949,8,3.849243612736777,DirichletLM
30,Q0,table-1518-807,9,3.6454419959573374,DirichletLM
30,Q0,table-0884-479,10,3.5410722390039036,DirichletLM
30,Q0,table-0682-592,11,3.5006064834438178,DirichletLM
30,Q0,table-0837-154,12,3.300700138560516,DirichletLM
30,Q0,table-1438-722,13,3.0891989691430894,DirichletLM
30,Q0,table-0603-15,14,2.93977789960458,DirichletLM
30,Q0,table-1012-982,15,2.8553309739529773,DirichletLM
30,Q0,table-0802-722,16,2.8153922285828332,DirichletLM
30,Q0,table-0035-755,17,2.758681329008569,DirichletLM
30,Q0,table-0513-709,18,2.7330110979171285,DirichletLM
30,Q0,table-0779-302,19,2.700906685610744,DirichletLM
30,Q0,table-1068-320,20,2.694686944270453,DirichletLM
31,Q0,table-1437-521,1,6.731380529296694,DirichletLM
31,Q0,table-1280-478,2,6.674892924347676,DirichletLM
31,Q0,table-0208-892,3,4.778856413863469,DirichletLM
31,Q0,table-1037-819,4,4.289240865302778,DirichletLM
31,Q0,table-0017-237,5,4.099845970882106,DirichletLM
31,Q0,table-1287-861,6,4.047435669589776,DirichletLM
31,Q0,table-1567-896,7,3.5342582156343325,DirichletLM
31,Q0,table-0241-136,8,3.5329811635028827,DirichletLM
31,Q0,table-1537-765,9,3.4640108178623734,DirichletLM
31,Q0,table-0202-113,10,3.1972522171342717,DirichletLM
31,Q0,table-1365-564,11,3.1874239776555386,DirichletLM
31,Q0,table-1567-894,12,3.1338401589991585,DirichletLM
31,Q0,table-1526-947,13,2.8936865497682196,DirichletLM
31,Q0,table-1197-397,14,2.7698285167634165,DirichletLM
31,Q0,table-1565-676,15,2.7281891547312154,DirichletLM
31,Q0,table-1551-19,16,2.715813081910744,DirichletLM
31,Q0,table-1420-810,17,2.6674841763133115,DirichletLM
31,Q0,table-0998-667,18,2.656494375984068,DirichletLM
31,Q0,table-1581-285,19,2.578418641381125,DirichletLM
31,Q0,table-1580-639,20,2.5751310705527377,DirichletLM
32,Q0,table-0867-339,1,7.416985698057614,DirichletLM
32,Q0,table-0255-225,2,4.735699705324692,DirichletLM
32,Q0,table-1371-959,3,4.617152073355868,DirichletLM
32,Q0,table-1636-103,4,4.556368830776766,DirichletLM
32,Q0,table-0625-421,5,4.49169678989008,DirichletLM
32,Q0,table-0878-343,6,4.467340124566038,DirichletLM
32,Q0,table-0837-154,7,4.3562835819143,DirichletLM
32,Q0,table-1249-391,8,4.297104458547571,DirichletLM
32,Q0,table-1558-845,9,4.132898871222264,DirichletLM
32,Q0,table-0972-522,10,4.0411573190168975,DirichletLM
32,Q0,table-0151-825,11,4.008081417249046,DirichletLM
32,Q0,table-1538-252,12,3.8485320889447783,DirichletLM
32,Q0,table-1289-998,13,3.6987086179059663,DirichletLM
32,Q0,table-0535-617,14,3.6825364401353267,DirichletLM
32,Q0,table-0540-631,15,3.653774337839806,DirichletLM
32,Q0,table-0867-337,16,3.2357179794599604,DirichletLM
32,Q0,table-1608-249,17,3.163468067166827,DirichletLM
32,Q0,table-0349-205,18,3.1584098685310384,DirichletLM
32,Q0,table-1631-88,19,3.0096039001314603,DirichletLM
32,Q0,table-1421-186,20,2.868874498279212,DirichletLM
33,Q0,table-0099-73,1,3.777882545340442,DirichletLM
33,Q0,table-1585-588,2,3.7723950460438695,DirichletLM
33,Q0,table-1391-524,3,3.6190132205556513,DirichletLM
33,Q0,table-1433-477,4,3.5462625641408327,DirichletLM
33,Q0,table-0024-136,5,3.4852437858375174,DirichletLM
33,Q0,table-0246-812,6,3.433824607838288,DirichletLM
33,Q0,table-0137-745,7,3.355993355753933,DirichletLM
33,Q0,table-0927-516,8,3.088724403923528,DirichletLM
33,Q0,table-0610-865,9,2.808774777314818,DirichletLM
33,Q0,table-0153-339,10,2.802140087991302,DirichletLM
33,Q0,table-1585-589,11,2.7769130296418054,DirichletLM
33,Q0,table-1391-525,12,2.7119019172658034,DirichletLM
33,Q0,table-0927-515,13,2.703433716230526,DirichletLM
33,Q0,table-1453-178,14,2.6699192839259496,DirichletLM
33,Q0,table-0215-293,15,2.6588472153281204,DirichletLM
33,Q0,table-0800-191,16,2.651736286986318,DirichletLM
33,Q0,table-1195-71,17,2.589064540266921,DirichletLM
33,Q0,table-0326-510,18,2.4792822812101307,DirichletLM
33,Q0,table-1536-42,19,2.4764350431814077,DirichletLM
33,Q0,table-1628-938,20,2.4347393535450297,DirichletLM
34,Q0,table-1087-909,1,6.201436976551188,DirichletLM
34,Q0,table-1087-864,2,5.339591046187332,DirichletLM
34,Q0,table-1087-917,3,5.339591046187332,DirichletLM
34,Q0,table-1087-863,4,5.33854352754022,DirichletLM
34,Q0,table-1087-873,5,5.33854352754022,DirichletLM
34,Q0,table-1087-867,6,5.33854352754022,DirichletLM
34,Q0,table-1087-860,7,5.33854352754022,DirichletLM
34,Q0,table-1087-857,8,5.33854352754022,DirichletLM
34,Q0,table-0348-856,9,5.3374963890486775,DirichletLM
34,Q0,table-1087-870,10,5.3374963890486775,DirichletLM
34,Q0,table-1087-836,11,5.3374963890486775,DirichletLM
34,Q0,table-1087-872,12,5.336449630436879,DirichletLM
34,Q0,table-1087-922,13,5.332266389281122,DirichletLM
34,Q0,table-0171-322,14,5.292361714460932,DirichletLM
34,Q0,table-0260-605,15,5.290264773902231,DirichletLM
34,Q0,table-1087-848,16,5.289216874823425,DirichletLM
34,Q0,table-1087-874,17,5.288169356176313,DirichletLM
34,Q0,table-1087-876,18,5.287122217684771,DirichletLM
34,Q0,table-1087-878,19,5.286075459072972,DirichletLM
34,Q0,table-1611-452,20,5.137681376360545,DirichletLM
35,Q0,table-1080-585,1,9.48343496586708,DirichletLM
35,Q0,table-1519-321,2,8.275474140174111,DirichletLM
35,Q0,table-1651-479,3,7.3475824706628625,DirichletLM
35,Q0,table-0709-586,4,7.242322819997103,DirichletLM
35,Q0,table-0709-584,5,6.566441357375487,DirichletLM
35,Q0,table-1402-905,6,6.209192360756676,DirichletLM
35,Q0,table-0598-146,7,5.963990896756863,DirichletLM
35,Q0,table-0452-590,8,5.682767152538995,DirichletLM
35,Q0,table-0981-339,9,5.182468003253341,DirichletLM
35,Q0,table-0243-845,10,5.165799881054632,DirichletLM
35,Q0,table-0735-912,11,4.917483645432808,DirichletLM
35,Q0,table-1333-198,12,4.532087683906128,DirichletLM
35,Q0,table-1234-564,13,4.494489684280183,DirichletLM
35,Q0,table-0022-834,14,4.422158009597292,DirichletLM
35,Q0,table-1334-944,15,4.203607323944784,DirichletLM
35,Q0,table-0352-87,16,4.016655385268493,DirichletLM
35,Q0,table-0588-746,17,3.8983139042445423,DirichletLM
35,Q0,table-0310-406,18,3.8562366804446064,DirichletLM
35,Q0,table-1040-678,19,3.796545321010032,DirichletLM
35,Q0,table-0441-134,20,3.7814931976424453,DirichletLM
36,Q0,table-0709-584,1,8.57114334760224,DirichletLM
36,Q0,table-0709-586,2,7.242322819997103,DirichletLM
36,Q0,table-1519-321,3,6.44846576468054,DirichletLM
36,Q0,table-1402-905,4,6.209192360756676,DirichletLM
36,Q0,table-0598-146,5,5.963990896756863,DirichletLM
36,Q0,table-0351-374,6,5.237831177896477,DirichletLM
36,Q0,table-0351-399,7,5.232866823784506,DirichletLM
36,Q0,table-0735-912,8,4.917483645432808,DirichletLM
36,Q0,table-0062-22,9,4.784210437163804,DirichletLM
36,Q0,table-1333-198,10,4.532087683906128,DirichletLM
36,Q0,table-0022-834,11,4.422158009597292,DirichletLM
36,Q0,table-1334-944,12,4.203607323944784,DirichletLM
36,Q0,table-0352-87,13,4.016655385268493,DirichletLM
36,Q0,table-1353-195,14,3.894498555750972,DirichletLM
36,Q0,table-0310-406,15,3.8562366804446064,DirichletLM
36,Q0,table-0452-590,16,3.800560956592903,DirichletLM
36,Q0,table-0441-134,17,3.7814931976424453,DirichletLM
36,Q0,table-0805-12,18,3.6829284353375993,DirichletLM
36,Q0,table-0385-764,19,3.250003221005423,DirichletLM
36,Q0,table-0385-766,20,3.2477231813120855,DirichletLM
37,Q0,table-0867-339,1,5.254040678166829,DirichletLM
37,Q0,table-0255-225,2,4.735699705324692,DirichletLM
37,Q0,table-1371-959,3,4.617152073355868,DirichletLM
37,Q0,table-0878-343,4,4.467340124566038,DirichletLM
37,Q0,table-0837-154,5,4.3562835819143,DirichletLM
37,Q0,table-1558-845,6,4.132898871222264,DirichletLM
37,Q0,table-0349-205,7,4.128370508696851,DirichletLM
37,Q0,table-0972-522,8,4.0411573190168975,DirichletLM
37,Q0,table-0151-825,9,4.008081417249046,DirichletLM
37,Q0,table-0687-978,10,3.8899753399046135,DirichletLM
37,Q0,table-1538-252,11,3.8485320889447783,DirichletLM
37,Q0,table-1289-998,12,3.6987086179059663,DirichletLM
37,Q0,table-0535-617,13,3.6825364401353267,DirichletLM
37,Q0,table-1573-730,14,3.672051535276775,DirichletLM
37,Q0,table-1523-420,15,3.505190054762881,DirichletLM
37,Q0,table-0704-620,16,3.5021429346174484,DirichletLM
37,Q0,table-0633-236,17,3.4697489063866462,DirichletLM
37,Q0,table-1636-103,18,3.2822276357560622,DirichletLM
37,Q0,table-0218-202,19,3.2735603025147366,DirichletLM
37,Q0,table-0867-337,20,3.2357179794599604,DirichletLM
38,Q0,table-1451-328,1,5.458861704009015,DirichletLM
38,Q0,table-0116-212,2,5.194049587041555,DirichletLM
38,Q0,table-1017-538,3,4.902780935373538,DirichletLM
38,Q0,table-0507-56,4,4.813068891519069,DirichletLM
38,Q0,table-1650-920,5,4.374157677596129,DirichletLM
38,Q0,table-0014-364,6,3.992129427863253,DirichletLM
38,Q0,table-0780-690,7,3.867771467496108,DirichletLM
38,Q0,table-0107-797,8,3.856118028559631,DirichletLM
38,Q0,table-1599-399,9,3.8024152943661176,DirichletLM
38,Q0,table-0226-372,10,3.7771780028670947,DirichletLM
38,Q0,table-0572-545,11,3.450949007283792,DirichletLM
38,Q0,table-1518-807,12,3.021756568868533,DirichletLM
38,Q0,table-0506-214,13,2.855509689391911,DirichletLM
38,Q0,table-1388-470,14,2.7897927113349144,DirichletLM
38,Q0,table-1231-477,15,2.7709765600564635,DirichletLM
38,Q0,table-1274-494,16,2.7502105298368216,DirichletLM
38,Q0,table-0001-400,17,2.684177302365921,DirichletLM
38,Q0,table-0916-136,18,2.5512173842021744,DirichletLM
38,Q0,table-0520-707,19,2.5496435622087734,DirichletLM
38,Q0,table-0266-46,20,2.3614576956366258,DirichletLM
39,Q0,table-1134-539,1,7.192985147370182,DirichletLM
39,Q0,table-0603-15,2,7.18989394995054,DirichletLM
39,Q0,table-0809-4,3,5.85415381179344,DirichletLM
39,Q0,table-0312-737,4,5.083170112771185,DirichletLM
39,Q0,table-1169-102,5,4.477544798217824,DirichletLM
39,Q0,table-0133-525,6,4.43033914640122,DirichletLM
39,Q0,table-1387-579,7,4.421368008832416,DirichletLM
39,Q0,table-0435-533,8,4.346837033451397,DirichletLM
39,Q0,table-0592-700,9,4.182461429288714,DirichletLM
39,Q0,table-0733-719,10,4.181393623818032,DirichletLM
39,Q0,table-0657-210,11,4.044593261766509,DirichletLM
39,Q0,table-0191-235,12,4.043474459817543,DirichletLM
39,Q0,table-1583-600,13,4.020192840607367,DirichletLM
39,Q0,table-0752-77,14,3.9172214896098714,DirichletLM
39,Q0,table-0891-332,15,3.914394337929349,DirichletLM
39,Q0,table-0137-759,16,3.8366121966287645,DirichletLM
39,Q0,table-1636-696,17,3.762923799627081,DirichletLM
39,Q0,table-1517-609,18,3.725397121612989,DirichletLM
39,Q0,table-0801-695,19,3.680724642943227,DirichletLM
39,Q0,table-1524-733,20,3.6336558199588938,DirichletLM
40,Q0,table-1031-634,1,4.869825766061881,DirichletLM
40,Q0,table-0899-319,2,4.819944072066914,DirichletLM
40,Q0,table-0484-507,3,4.685341729054068,DirichletLM
40,Q0,table-1652-413,4,4.448935418677449,DirichletLM
40,Q0,table-0064-983,5,4.408532309719248,DirichletLM
40,Q0,table-0273-259,6,4.293559871166318,DirichletLM
40,Q0,table-1486-330,7,3.903471089836918,DirichletLM
40,Q0,table-0925-717,8,3.8939246815271784,DirichletLM
40,Q0,table-1630-658,9,3.816792447062946,DirichletLM
40,Q0,table-0350-639,10,3.7301524709541205,DirichletLM
40,Q0,table-0461-150,11,3.373027521726208,DirichletLM
40,Q0,table-0222-36,12,3.362969257232994,DirichletLM
40,Q0,table-1364-680,13,3.3424970881422515,DirichletLM
40,Q0,table-1577-423,14,3.3334907691335793,DirichletLM
40,Q0,table-1410-194,15,3.326772735849235,DirichletLM
40,Q0,table-0826-926,16,3.3239827619747278,DirichletLM
40,Q0,table-1053-499,17,3.296560814164113,DirichletLM
40,Q0,table-1634-346,18,2.9895865806387563,DirichletLM
40,Q0,table-1634-345,19,2.9895865806387563,DirichletLM
40,Q0,table-0780-807,20,2.978775563463251,DirichletLM
41,Q0,table-1504-64,1,8.699438522132288,DirichletLM
41,Q0,table-1444-630,2,5.814713776917083,DirichletLM
41,Q0,table-0452-590,3,4.933258359813362,DirichletLM
41,Q0,table-0887-971,4,4.378467625076486,DirichletLM
41,Q0,table-1543-912,5,4.225941233255874,DirichletLM
41,Q0,table-0706-50,6,4.2251643734046,DirichletLM
41,Q0,table-0293-842,7,3.7771969576471864,DirichletLM
41,Q0,table-0427-116,8,3.7691870529477582,DirichletLM
41,Q0,table-1444-635,9,3.7657938055013345,DirichletLM
41,Q0,table-1050-865,10,3.7545402769833567,DirichletLM
41,Q0,table-1090-244,11,3.428582383137999,DirichletLM
41,Q0,table-1090-243,12,3.425231173638361,DirichletLM
41,Q0,table-1090-241,13,3.4218877305639905,DirichletLM
41,Q0,table-1090-242,14,3.385069671590948,DirichletLM
41,Q0,table-1090-239,15,3.3812766683596425,DirichletLM
41,Q0,table-0048-710,16,3.374821980003391,DirichletLM
41,Q0,table-0401-930,17,3.351286381944621,DirichletLM
41,Q0,table-1090-240,18,3.3354729787465174,DirichletLM
41,Q0,table-1090-238,19,3.3203497041019285,DirichletLM
41,Q0,table-0588-746,20,3.12149279722627,DirichletLM
42,Q0,table-0108-87,1,5.681390477681452,DirichletLM
42,Q0,table-0867-91,2,5.679877797525615,DirichletLM
42,Q0,table-0012-931,3,5.2880624042175,DirichletLM
42,Q0,table-1258-760,4,5.2551849945355835,DirichletLM
42,Q0,table-1397-842,5,4.5671225994191085,DirichletLM
42,Q0,table-0212-250,6,4.316781849232736,DirichletLM
42,Q0,table-0831-590,7,3.939615902544501,DirichletLM
42,Q0,table-0255-236,8,3.909717636429812,DirichletLM
42,Q0,table-1567-894,9,3.7971639988945145,DirichletLM
42,Q0,table-1030-553,10,3.7540011043602757,DirichletLM
42,Q0,table-0695-231,11,3.728977357575882,DirichletLM
42,Q0,table-0498-296,12,3.555596000948243,DirichletLM
42,Q0,table-1160-843,13,3.4793793484013373,DirichletLM
42,Q0,table-1405-152,14,3.1713608685220716,DirichletLM
42,Q0,table-0296-506,15,3.1533717711242235,DirichletLM
42,Q0,table-1396-734,16,3.1270220629867813,DirichletLM
42,Q0,table-0065-495,17,3.092702996339152,DirichletLM
42,Q0,table-0212-252,18,3.057729391246616,DirichletLM
42,Q0,table-0212-251,19,3.057165508088807,DirichletLM
42,Q0,table-0610-22,20,3.0518461492245517,DirichletLM
43,Q0,table-1611-452,1,5.137681376360545,DirichletLM
43,Q0,table-0116-212,2,4.730750293649943,DirichletLM
43,Q0,table-1495-749,3,4.429025934446459,DirichletLM
43,Q0,table-1137-398,4,3.8525112549504374,DirichletLM
43,Q0,table-1391-645,5,3.829815660318582,DirichletLM
43,Q0,table-1646-857,6,3.6987995251514745,DirichletLM
43,Q0,table-1518-807,7,3.1630152398952327,DirichletLM
43,Q0,table-1603-678,8,3.0056826798523035,DirichletLM
43,Q0,table-0441-134,9,2.9854181947213916,DirichletLM
43,Q0,table-0591-410,10,2.8202834142836366,DirichletLM
43,Q0,table-0458-122,11,2.639436618044703,DirichletLM
43,Q0,table-0262-856,12,2.6357888913432896,DirichletLM
43,Q0,table-0875-680,13,2.513741844063407,DirichletLM
43,Q0,table-0503-892,14,2.505220289217554,DirichletLM
43,Q0,table-0522-325,15,2.4866481831811322,DirichletLM
43,Q0,table-0116-621,16,2.479397042638454,DirichletLM
43,Q0,table-0755-688,17,2.4323246676493695,DirichletLM
43,Q0,table-1087-917,18,2.362985093915401,DirichletLM
43,Q0,table-1087-864,19,2.362985093915401,DirichletLM
43,Q0,table-1087-857,20,2.362461334591845,DirichletLM
44,Q0,table-0461-536,1,5.707032701427904,DirichletLM
44,Q0,table-0351-374,2,5.643292272755502,DirichletLM
44,Q0,table-0737-581,3,4.64778953169725,DirichletLM
44,Q0,table-0351-399,4,4.563295519612398,DirichletLM
44,Q0,table-0393-510,5,4.530647995291151,DirichletLM
44,Q0,table-0254-919,6,4.345418755589625,DirichletLM
44,Q0,table-0145-207,7,4.341230300950734,DirichletLM
44,Q0,table-1192-417,8,4.2637971882743555,DirichletLM
44,Q0,table-1005-125,9,4.2627021635228175,DirichletLM
44,Q0,table-0620-134,10,4.1737897518482825,DirichletLM
44,Q0,table-0833-314,11,3.9556556608775173,DirichletLM
44,Q0,table-0740-395,12,3.8838743908409246,DirichletLM
44,Q0,table-1398-928,13,3.6746932424774417,DirichletLM
44,Q0,table-1189-902,14,3.563550929443869,DirichletLM
44,Q0,table-1510-14,15,3.5013321764454237,DirichletLM
44,Q0,table-0863-916,16,3.476198972584724,DirichletLM
44,Q0,table-1146-968,17,3.2198343860933254,DirichletLM
44,Q0,table-0087-658,18,3.1938085933043,DirichletLM
44,Q0,table-1528-923,19,3.1579882905495795,DirichletLM
44,Q0,table-0645-283,20,3.129866866888772,DirichletLM
45,Q0,table-0998-667,1,11.243367539992043,DirichletLM
45,Q0,table-0998-663,2,7.843003538589647,DirichletLM
45,Q0,table-0854-862,3,7.49015386806219,DirichletLM
45,Q0,table-0774-562,4,6.897786392212628,DirichletLM
45,Q0,table-0858-75,5,6.272241891787533,DirichletLM
45,Q0,table-0580-461,6,5.7538184667435806,DirichletLM
45,Q0,table-0241-136,7,5.513552667581604,DirichletLM
45,Q0,table-0622-407,8,5.4796845654478945,DirichletLM
45,Q0,table-0854-819,9,4.712042838097246,DirichletLM
45,Q0,table-1293-85,10,4.466747763108412,DirichletLM
45,Q0,table-1516-67,11,4.404762026104632,DirichletLM
45,Q0,table-0497-395,12,4.204812824538732,DirichletLM
45,Q0,table-0710-382,13,4.199484833157802,DirichletLM
45,Q0,table-1335-335,14,4.023192384192232,DirichletLM
45,Q0,table-0016-438,15,3.8255496344575413,DirichletLM
45,Q0,table-1161-330,16,3.711873042984622,DirichletLM
45,Q0,table-1010-83,17,3.572062033675477,DirichletLM
45,Q0,table-1601-713,18,3.4730644602492555,DirichletLM
45,Q0,table-1010-94,19,3.339647263996977,DirichletLM
45,Q0,table-0326-223,20,3.2383321103605325,DirichletLM
46,Q0,table-0183-58,1,7.590282980026881,DirichletLM
46,Q0,table-1602-828,2,6.8459110527466365,DirichletLM
46,Q0,table-1519-696,3,5.7803720309291755,DirichletLM
46,Q0,table-0350-546,4,5.609686185039971,DirichletLM
46,Q0,table-0197-91,5,5.3637337131659795,DirichletLM
46,Q0,table-1355-572,6,5.1829982410049045,DirichletLM
46,Q0,table-0814-491,7,4.877770689233755,DirichletLM
46,Q0,table-0182-827,8,4.194328688370454,DirichletLM
46,Q0,table-1280-419,9,4.082731873710282,DirichletLM
46,Q0,table-1495-660,10,3.890864206495083,DirichletLM
46,Q0,table-1138-918,11,3.8343916002543947,DirichletLM
46,Q0,table-0338-14,12,3.6797003362217104,DirichletLM
46,Q0,table-1370-780,13,3.6636739484226384,DirichletLM
46,Q0,table-1392-245,14,3.655847063335745,DirichletLM
46,Q0,table-0765-619,15,3.38849745357786,DirichletLM
46,Q0,table-1390-891,16,3.385092759560419,DirichletLM
46,Q0,table-1492-780,17,3.34895890404504,DirichletLM
46,Q0,table-1421-346,18,3.2631449002138866,DirichletLM
46,Q0,table-0255-230,19,3.196538458930486,DirichletLM
46,Q0,table-0677-684,20,3.1694978168442063,DirichletLM
47,Q0,table-1585-588,1,4.362085477536228,DirichletLM
47,Q0,table-0927-516,2,3.8164798283462447,DirichletLM
47,Q0,table-1391-524,3,3.6190132205556513,DirichletLM
47,Q0,table-1433-477,4,3.5462625641408327,DirichletLM
47,Q0,table-0024-136,5,3.4852437858375174,DirichletLM
47,Q0,table-0927-515,6,3.434562552262482,DirichletLM
47,Q0,table-0255-236,7,3.358764651028916,DirichletLM
47,Q0,table-0255-240,8,3.3398747663304165,DirichletLM
47,Q0,table-0610-865,9,3.131042212719818,DirichletLM
47,Q0,table-1585-589,10,3.0103253153720497,DirichletLM
47,Q0,table-0415-192,11,2.8016779435673826,DirichletLM
47,Q0,table-0354-234,12,2.79900862561834,DirichletLM
47,Q0,table-0255-225,13,2.715873122128312,DirichletLM
47,Q0,table-0253-590,14,2.7122204378929986,DirichletLM
47,Q0,table-1391-525,15,2.7119019172658034,DirichletLM
47,Q0,table-1453-178,16,2.6699192839259496,DirichletLM
47,Q0,table-1195-71,17,2.589064540266921,DirichletLM
47,Q0,table-0062-485,18,2.574378300707021,DirichletLM
47,Q0,table-0326-510,19,2.4792822812101307,DirichletLM
47,Q0,table-1536-42,20,2.4764350431814077,DirichletLM
48,Q0,table-1611-452,1,5.137681376360545,DirichletLM
48,Q0,table-1137-398,2,4.94687633132098,DirichletLM
48,Q0,table-1628-799,3,4.898647106797807,DirichletLM
48,Q0,table-0055-698,4,4.611781975378297,DirichletLM
48,Q0,table-1171-215,5,4.248819176199827,DirichletLM
48,Q0,table-1055-978,6,4.079106946971715,DirichletLM
48,Q0,table-1536-952,7,3.559665439742469,DirichletLM
48,Q0,table-1571-62,8,3.5300415212686627,DirichletLM
48,Q0,table-0459-647,9,3.520299352890283,DirichletLM
48,Q0,table-1135-687,10,3.518016607096163,DirichletLM
48,Q0,table-1390-665,11,3.501573844638389,DirichletLM
48,Q0,table-1035-871,12,3.484759026777724,DirichletLM
48,Q0,table-1574-248,13,3.167407553522193,DirichletLM
48,Q0,table-1461-956,14,2.647682108648095,DirichletLM
48,Q0,table-0208-139,15,2.644240289820706,DirichletLM
48,Q0,table-0208-138,16,2.644240289820706,DirichletLM
48,Q0,table-0371-97,17,2.6425224546811825,DirichletLM
48,Q0,table-1635-745,18,2.63738118795805,DirichletLM
48,Q0,table-0855-314,19,2.6351020483989127,DirichletLM
48,Q0,table-0625-86,20,2.633395053475783,DirichletLM
49,Q0,table-0277-273,1,6.944013499159056,DirichletLM
49,Q0,table-1216-279,2,6.4871226731998615,DirichletLM
49,Q0,table-0255-225,3,6.234082706105799,DirichletLM
49,Q0,table-1533-500,4,6.128912799532761,DirichletLM
49,Q0,table-1633-945,5,6.061203607618523,DirichletLM
49,Q0,table-0002-320,6,5.971540247519723,DirichletLM
49,Q0,table-1310-170,7,4.180594386771843,DirichletLM
49,Q0,table-0536-665,8,4.159308940412079,DirichletLM
49,Q0,table-0202-720,9,4.140901221152626,DirichletLM
49,Q0,table-0383-189,10,4.086237888629626,DirichletLM
49,Q0,table-1567-896,11,3.794531780993007,DirichletLM
49,Q0,table-1287-554,12,3.7507699701646606,DirichletLM
49,Q0,table-1452-662,13,3.634672076727867,DirichletLM
49,Q0,table-0017-237,14,3.611446206663011,DirichletLM
49,Q0,table-0948-802,15,3.56333565671199,DirichletLM
49,Q0,table-0695-236,16,3.327251540853485,DirichletLM
49,Q0,table-0896-9,17,3.263613431832869,DirichletLM
49,Q0,table-0016-393,18,3.232310768892762,DirichletLM
49,Q0,table-0031-124,19,3.189658201557169,DirichletLM
49,Q0,table-0168-430,20,3.1804628414172176,DirichletLM
50,Q0,table-0814-491,1,7.040311521266881,DirichletLM
50,Q0,table-1448-638,2,6.334001153791571,DirichletLM
50,Q0,table-1541-685,3,6.099394102079849,DirichletLM
50,Q0,table-1519-696,4,5.143465851079398,DirichletLM
50,Q0,table-0572-545,5,5.006184556439756,DirichletLM
50,Q0,table-0197-91,6,4.514960204494694,DirichletLM
50,Q0,table-1405-724,7,4.263826667724005,DirichletLM
50,Q0,table-1448-639,8,4.246211429297216,DirichletLM
50,Q0,table-0513-110,9,3.7954382308532724,DirichletLM
50,Q0,table-0575-909,10,3.620834796117505,DirichletLM
50,Q0,table-1051-395,11,3.2995968559383244,DirichletLM
50,Q0,table-1495-749,12,3.195117385288826,DirichletLM
50,Q0,table-0255-240,13,3.1883792114932437,DirichletLM
50,Q0,table-1016-408,14,3.177998175187812,DirichletLM
50,Q0,table-1572-776,15,2.931746288097778,DirichletLM
50,Q0,table-1462-360,16,2.769143728151076,DirichletLM
50,Q0,table-0350-546,17,2.7577039407639483,DirichletLM
50,Q0,table-1448-914,18,2.702227671089056,DirichletLM
50,Q0,table-0273-259,19,2.6982846281872934,DirichletLM
50,Q0,table-0741-866,20,2.662946069550563,DirichletLM
51,Q0,table-0900-829,1,6.140685616330581,DirichletLM
51,Q0,table-1441-100,2,6.127888035744017,DirichletLM
51,Q0,table-1448-80,3,3.9651335863570356,DirichletLM
51,Q0,table-0704-620,4,3.5021429346174484,DirichletLM
51,Q0,table-0687-978,5,3.466358467593455,DirichletLM
51,Q0,table-1573-730,6,3.2877017264372337,DirichletLM
51,Q0,table-0218-202,7,3.2735603025147366,DirichletLM
51,Q0,table-0420-541,8,2.963197394434793,DirichletLM
51,Q0,table-0190-739,9,2.929252183808045,DirichletLM
51,Q0,table-0327-289,10,2.922379476910184,DirichletLM
51,Q0,table-0521-373,11,2.9189492525135847,DirichletLM
51,Q0,table-1375-531,12,2.9098218741416217,DirichletLM
51,Q0,table-0293-509,13,2.831498966464845,DirichletLM
51,Q0,table-1640-1,14,2.7707345910745693,DirichletLM
51,Q0,table-0504-737,15,2.6437248683963985,DirichletLM
51,Q0,table-1014-746,16,2.6437248683963985,DirichletLM
51,Q0,table-1029-112,17,2.6437248683963985,DirichletLM
51,Q0,table-0474-713,18,2.6437248683963985,DirichletLM
51,Q0,table-1102-154,19,2.6437248683963985,DirichletLM
51,Q0,table-1050-354,20,2.6437248683963985,DirichletLM
52,Q0,table-0701-646,1,5.853288456469641,DirichletLM
52,Q0,table-0701-647,2,5.1584986250964695,DirichletLM
52,Q0,table-1473-640,3,4.65080681838981,DirichletLM
52,Q0,table-1508-306,4,4.644957969491995,DirichletLM
52,Q0,table-0131-736,5,4.605531884994055,DirichletLM
52,Q0,table-1533-500,6,4.386954989893792,DirichletLM
52,Q0,table-1497-578,7,4.231770508885088,DirichletLM
52,Q0,table-1447-122,8,4.058402379094866,DirichletLM
52,Q0,table-0180-579,9,3.940701989801031,DirichletLM
52,Q0,table-0226-319,10,3.8299538451712904,DirichletLM
52,Q0,table-1551-117,11,3.7748638748210195,DirichletLM
52,Q0,table-0145-207,12,3.5177675037867258,DirichletLM
52,Q0,table-1336-806,13,3.325373407263944,DirichletLM
52,Q0,table-1388-434,14,3.2329681458787225,DirichletLM
52,Q0,table-0088-469,15,3.21666605257506,DirichletLM
52,Q0,table-0044-50,16,3.067784901590619,DirichletLM
52,Q0,table-0225-139,17,3.066526681157671,DirichletLM
52,Q0,table-0350-520,18,2.9052738161148235,DirichletLM
52,Q0,table-0441-134,19,2.876513357571364,DirichletLM
52,Q0,table-0186-670,20,2.8726058816728264,DirichletLM
53,Q0,table-1399-484,1,7.345774842518178,DirichletLM
53,Q0,table-0587-651,2,7.198135741144908,DirichletLM
53,Q0,table-0587-650,3,6.367113593165912,DirichletLM
53,Q0,table-1567-423,4,6.065982290995725,DirichletLM
53,Q0,table-1137-398,5,4.818908281733579,DirichletLM
53,Q0,table-0255-225,6,4.600389977553784,DirichletLM
53,Q0,table-1442-90,7,4.351018900763142,DirichletLM
53,Q0,table-1360-400,8,4.339413170350541,DirichletLM
53,Q0,table-1629-769,9,4.290705410841247,DirichletLM
53,Q0,table-1034-276,10,4.187520168480263,DirichletLM
53,Q0,table-1414-649,11,3.5093225083639816,DirichletLM
53,Q0,table-1286-2,12,2.8296955700425173,DirichletLM
53,Q0,table-0293-842,13,2.5977464877471697,DirichletLM
53,Q0,table-1171-215,14,2.5613033422488303,DirichletLM
53,Q0,table-1349-522,15,2.5135614934861694,DirichletLM
53,Q0,table-0154-371,16,2.4444408442352303,DirichletLM
53,Q0,table-0925-47,17,2.4303969780788273,DirichletLM
53,Q0,table-0563-407,18,2.3371502259350816,DirichletLM
53,Q0,table-0612-61,19,2.3371502259350816,DirichletLM
53,Q0,table-0524-487,20,2.3354552638749673,DirichletLM
54,Q0,table-1208-515,1,7.955246575812454,DirichletLM
54,Q0,table-0572-545,2,7.0449833387556,DirichletLM
54,Q0,table-1580-209,3,6.647463845871997,DirichletLM
54,Q0,table-1208-518,4,6.191805630445873,DirichletLM
54,Q0,table-1208-520,5,6.160406909774414,DirichletLM
54,Q0,table-1580-221,6,6.102261914400515,DirichletLM
54,Q0,table-1580-217,7,6.070889771723462,DirichletLM
54,Q0,table-1580-211,8,6.006039098484649,DirichletLM
54,Q0,table-1580-219,9,5.6461943707353575,DirichletLM
54,Q0,table-1208-522,10,5.501097248159869,DirichletLM
54,Q0,table-1208-517,11,5.26424783658792,DirichletLM
54,Q0,table-1580-216,12,4.872983658519578,DirichletLM
54,Q0,table-0943-565,13,4.669942909320834,DirichletLM
54,Q0,table-0115-440,14,4.639175187287018,DirichletLM
54,Q0,table-1625-997,15,4.609402786536077,DirichletLM
54,Q0,table-1580-215,16,4.555165058600346,DirichletLM
54,Q0,table-1580-214,17,4.348315239154973,DirichletLM
54,Q0,table-0639-660,18,4.31945891736069,DirichletLM
54,Q0,table-1208-513,19,4.198656842365956,DirichletLM
54,Q0,table-1644-471,20,3.9771014860802234,DirichletLM
55,Q0,table-0876-250,1,6.071452412895262,DirichletLM
55,Q0,table-0378-500,2,5.538536785838055,DirichletLM
55,Q0,table-1444-13,3,4.736115399234449,DirichletLM
55,Q0,table-0458-118,4,4.286190366489356,DirichletLM
55,Q0,table-0458-122,5,4.018725095705859,DirichletLM
55,Q0,table-1050-634,6,3.9048540232482423,DirichletLM
55,Q0,table-1615-647,7,3.8186288298469293,DirichletLM
55,Q0,table-0253-421,8,3.5633878146326006,DirichletLM
55,Q0,table-0905-211,9,3.557902876767529,DirichletLM
55,Q0,table-0798-652,10,3.5222648502965996,DirichletLM
55,Q0,table-1434-888,11,3.4689066295379867,DirichletLM
55,Q0,table-1015-954,12,3.3543370904548757,DirichletLM
55,Q0,table-0259-714,13,3.1232170162456123,DirichletLM
55,Q0,table-1370-152,14,3.1177513102802648,DirichletLM
55,Q0,table-1179-842,15,3.0921569561202635,DirichletLM
55,Q0,table-1524-764,16,3.040798852984927,DirichletLM
55,Q0,table-1439-698,17,2.8073812334851764,DirichletLM
55,Q0,table-1356-971,18,2.783815320427825,DirichletLM
55,Q0,table-1370-151,19,2.7659873697848525,DirichletLM
55,Q0,table-0553-825,20,2.6539440844332907,DirichletLM
56,Q0,table-0528-368,1,5.412577401995209,DirichletLM
56,Q0,table-0397-906,2,4.2246716787109175,DirichletLM
56,Q0,table-0151-825,3,4.008081417249046,DirichletLM
56,Q0,table-0527-784,4,3.854716634976993,DirichletLM
56,Q0,table-0397-591,5,3.792606398545662,DirichletLM
56,Q0,table-0548-553,6,3.5292568407876113,DirichletLM
56,Q0,table-0397-592,7,3.520120438639098,DirichletLM
56,Q0,table-0049-13,8,3.3891295179509284,DirichletLM
56,Q0,table-1265-636,9,3.388784204910955,DirichletLM
56,Q0,table-0867-339,10,2.8910527594324833,DirichletLM
56,Q0,table-0259-714,11,2.835265849900659,DirichletLM
56,Q0,table-1535-319,12,2.7213717739430727,DirichletLM
56,Q0,table-1421-943,13,2.70265333075169,DirichletLM
56,Q0,table-0088-841,14,2.533432776350784,DirichletLM
56,Q0,table-0092-395,15,2.44641360311327,DirichletLM
56,Q0,table-1559-591,16,2.3916953597253423,DirichletLM
56,Q0,table-1114-461,17,2.3837637896131145,DirichletLM
56,Q0,table-0325-345,18,2.365524189744855,DirichletLM
56,Q0,table-1436-698,19,2.2323366290948528,DirichletLM
56,Q0,table-0546-964,20,2.182710886945715,DirichletLM
57,Q0,table-1601-713,1,6.669454864234602,DirichletLM
57,Q0,table-1542-271,2,6.316579424337608,DirichletLM
57,Q0,table-0817-899,3,6.311587286015097,DirichletLM
57,Q0,table-0976-487,4,6.218504944148831,DirichletLM
57,Q0,table-1316-990,5,5.543193998835578,DirichletLM
57,Q0,table-0895-528,6,5.182803396784621,DirichletLM
57,Q0,table-1547-841,7,5.175489349568444,DirichletLM
57,Q0,table-0907-688,8,4.95935439428864,DirichletLM
57,Q0,table-0907-558,9,4.937236313231096,DirichletLM
57,Q0,table-1098-540,10,4.870757180823072,DirichletLM
57,Q0,table-0313-377,11,4.8272980527281835,DirichletLM
57,Q0,table-0144-708,12,4.595658200332802,DirichletLM
57,Q0,table-1473-105,13,4.544466195035862,DirichletLM
57,Q0,table-0831-590,14,4.40592943797576,DirichletLM
57,Q0,table-0221-887,15,4.17648330949339,DirichletLM
57,Q0,table-0371-571,16,4.133337972526328,DirichletLM
57,Q0,table-0814-276,17,4.027418507975804,DirichletLM
57,Q0,table-0212-250,18,3.9253590164852397,DirichletLM
57,Q0,table-1495-749,19,3.8786295752833078,DirichletLM
57,Q0,table-1603-678,20,3.817713390737882,DirichletLM
58,Q0,table-0721-948,1,5.823466979613001,DirichletLM
58,Q0,table-1189-902,2,4.65514859253065,DirichletLM
58,Q0,table-1385-697,3,4.609924650989769,DirichletLM
58,Q0,table-0817-634,4,4.085659533783336,DirichletLM
58,Q0,table-0721-949,5,4.056371104243977,DirichletLM
58,Q0,table-1311-373,6,4.005688449194818,DirichletLM
58,Q0,table-0462-618,7,3.949665822589893,DirichletLM
58,Q0,table-1020-413,8,3.8667754641454355,DirichletLM
58,Q0,table-0606-7,9,3.779892070903443,DirichletLM
58,Q0,table-0293-842,10,3.7044215291987,DirichletLM
58,Q0,table-0309-204,11,3.6996175668704185,DirichletLM
58,Q0,table-1169-159,12,3.660108576155128,DirichletLM
58,Q0,table-0071-586,13,3.613489896702871,DirichletLM
58,Q0,table-1356-303,14,3.506724416567088,DirichletLM
58,Q0,table-0255-227,15,3.5015573718389907,DirichletLM
58,Q0,table-1599-633,16,3.411417362574389,DirichletLM
58,Q0,table-0603-15,17,3.186742003146195,DirichletLM
58,Q0,table-0104-128,18,3.1793694669189554,DirichletLM
58,Q0,table-0302-402,19,3.173117873347101,DirichletLM
58,Q0,table-0806-10,20,3.0396088635350638,DirichletLM
59,Q0,table-1421-433,1,9.184055439000932,DirichletLM
59,Q0,table-1421-438,2,8.673945537250901,DirichletLM
59,Q0,table-0474-103,3,8.432681398877996,DirichletLM
59,Q0,table-1490-102,4,8.432041573352445,DirichletLM
59,Q0,table-1219-20,5,7.299597281330878,DirichletLM
59,Q0,table-1437-680,6,6.612410860756198,DirichletLM
59,Q0,table-1088-409,7,6.4506075271068095,DirichletLM
59,Q0,table-1113-680,8,6.266092820895939,DirichletLM
59,Q0,table-1542-143,9,6.227468404616416,DirichletLM
59,Q0,table-1054-794,10,5.6188026311743124,DirichletLM
59,Q0,table-0819-414,11,5.6022701550925555,DirichletLM
59,Q0,table-1524-552,12,4.927577819856009,DirichletLM
59,Q0,table-0177-367,13,4.900518731024412,DirichletLM
59,Q0,table-0043-587,14,4.893676693645591,DirichletLM
59,Q0,table-0722-460,15,4.8340580590986235,DirichletLM
59,Q0,table-1264-76,16,4.784444815038563,DirichletLM
59,Q0,table-0818-856,17,4.612440344925755,DirichletLM
59,Q0,table-1088-407,18,4.309767428318783,DirichletLM
59,Q0,table-0508-570,19,4.227515594222597,DirichletLM
59,Q0,table-0859-400,20,4.123236299217994,DirichletLM
60,Q0,table-1376-550,1,4.774719365157503,DirichletLM
60,Q0,table-0831-590,2,4.61303368019255,DirichletLM
60,Q0,table-0030-123,3,4.317001990890562,DirichletLM
60,Q0,table-1030-553,4,4.181590940985655,DirichletLM
60,Q0,table-1216-279,5,3.3970958212756663,DirichletLM
60,Q0,table-0623-476,6,3.318681286017341,DirichletLM
60,Q0,table-0817-899,7,3.2942882462363525,DirichletLM
60,Q0,table-0633-791,8,2.982965037052708,DirichletLM
60,Q0,table-0820-938,9,2.9355988587856188,DirichletLM
60,Q0,table-0633-768,10,2.9237205078317023,DirichletLM
60,Q0,table-1316-990,11,2.917204348395309,DirichletLM
60,Q0,table-0631-733,12,2.916087039863461,DirichletLM
60,Q0,table-0631-734,13,2.899803034370696,DirichletLM
60,Q0,table-0635-160,14,2.896151300261817,DirichletLM
60,Q0,table-0976-487,15,2.8910672548278504,DirichletLM
60,Q0,table-0662-561,16,2.877001345008848,DirichletLM
60,Q0,table-0631-702,17,2.8693096880431757,DirichletLM
60,Q0,table-0632-243,18,2.8615020505537125,DirichletLM
60,Q0,table-0631-817,19,2.8609763828339636,DirichletLM
60,Q0,table-0631-704,20,2.8546832647163343,DirichletLM
