1,Q0,table-0125-805,1.0,0.5867681243859192,smarttable
1,Q0,table-0389-400,2.0,0.5853569780281097,smarttable
1,Q0,table-0914-103,3.0,0.5731063176615341,smarttable
1,Q0,table-0730-168,4.0,0.5505963947237615,smarttable
1,Q0,table-0875-680,5.0,0.5496621354714513,smarttable
1,Q0,table-0037-411,6.0,0.5348333560627908,smarttable
1,Q0,table-0168-741,7.0,0.522360578384144,smarttable
1,Q0,table-1000-57,8.0,0.5033891396860551,smarttable
1,Q0,table-0216-970,9.0,0.49453630061561843,smarttable
1,Q0,table-0216-976,10.0,0.4801053953739759,smarttable
1,Q0,table-0370-614,11.0,0.475584568592586,smarttable
1,Q0,table-0904-852,12.0,0.475420281186104,smarttable
1,Q0,table-1402-139,13.0,0.47490052856221326,smarttable
1,Q0,table-1020-619,14.0,0.45296228225345087,smarttable
1,Q0,table-0914-101,15.0,0.4393852935005779,smarttable
2,Q0,table-0552-593,1.0,1e-06,smarttable
2,Q0,table-0092-846,2.0,1e-06,smarttable
2,Q0,table-0620-231,3.0,1e-06,smarttable
2,Q0,table-0876-75,4.0,1e-06,smarttable
2,Q0,table-1621-634,5.0,1e-06,smarttable
2,Q0,table-0899-793,6.0,1e-06,smarttable
2,Q0,table-1564-439,7.0,1e-06,smarttable
2,Q0,table-1552-729,8.0,1e-06,smarttable
2,Q0,table-1047-143,9.0,1e-06,smarttable
2,Q0,table-1047-58,10.0,1e-06,smarttable
2,Q0,table-1047-153,11.0,1e-06,smarttable
2,Q0,table-1047-140,12.0,1e-06,smarttable
2,Q0,table-0396-317,13.0,1e-06,smarttable
2,Q0,table-0396-315,14.0,1e-06,smarttable
2,Q0,table-0396-314,15.0,1e-06,smarttable
3,Q0,table-0327-490,1.0,0.6230885718205368,smarttable
3,Q0,table-1275-187,2.0,0.5100127923556996,smarttable
3,Q0,table-0110-38,3.0,0.46851382748229436,smarttable
3,Q0,table-1254-979,4.0,0.4491164364066379,smarttable
3,Q0,table-0928-773,5.0,0.43146732603732985,smarttable
3,Q0,table-0187-658,6.0,0.3785756820481689,smarttable
3,Q0,table-0009-475,7.0,0.3610239370439858,smarttable
3,Q0,table-0483-357,8.0,0.34956971356352545,smarttable
3,Q0,table-0909-908,9.0,0.3369177594786325,smarttable
3,Q0,table-1435-370,10.0,0.3250981621996058,smarttable
3,Q0,table-0990-862,11.0,0.311655094219597,smarttable
3,Q0,table-0564-300,12.0,0.28273229511603465,smarttable
3,Q0,table-0258-207,13.0,0.2776085350568413,smarttable
3,Q0,table-0007-837,14.0,0.2630586669794582,smarttable
3,Q0,table-1546-808,15.0,0.23458541187507437,smarttable
4,Q0,table-1511-87,1.0,0.6725553806816499,smarttable
4,Q0,table-1417-148,2.0,0.6334137091900441,smarttable
4,Q0,table-1417-149,3.0,0.5820206683826029,smarttable
4,Q0,table-1417-140,4.0,0.5818844537366686,smarttable
4,Q0,table-1417-141,5.0,0.5766783234100965,smarttable
4,Q0,table-1034-621,6.0,0.5649995090427667,smarttable
4,Q0,table-1417-135,7.0,0.5148120416775063,smarttable
4,Q0,table-0264-473,8.0,0.5146718913426095,smarttable
4,Q0,table-0424-537,9.0,0.4953899900019393,smarttable
4,Q0,table-1511-78,10.0,0.48400735682497004,smarttable
4,Q0,table-1511-79,11.0,0.4609945302534802,smarttable
4,Q0,table-1417-134,12.0,0.46012603408603314,smarttable
4,Q0,table-1417-146,13.0,0.4601260340860331,smarttable
4,Q0,table-1417-139,14.0,0.45127546026262644,smarttable
4,Q0,table-0351-52,15.0,0.44384127370840376,smarttable
5,Q0,table-0452-375,1.0,0.5950107509729685,smarttable
5,Q0,table-0600-605,2.0,0.5442631792753613,smarttable
5,Q0,table-0600-606,3.0,0.5419990399628364,smarttable
5,Q0,table-0600-604,4.0,0.5419990399628364,smarttable
5,Q0,table-1258-614,5.0,0.5307926520391071,smarttable
5,Q0,table-1647-516,6.0,0.5157097167378973,smarttable
5,Q0,table-1421-59,7.0,0.45959469607996617,smarttable
5,Q0,table-0094-799,8.0,0.4549503262411499,smarttable
5,Q0,table-0248-862,9.0,0.4427200109587514,smarttable
5,Q0,table-0604-203,10.0,0.41775533337513426,smarttable
5,Q0,table-1456-444,11.0,0.4015128918383909,smarttable
5,Q0,table-1530-281,12.0,0.3943548815824713,smarttable
5,Q0,table-0513-19,13.0,0.39061377011655,smarttable
5,Q0,table-1371-139,14.0,0.39055385495671296,smarttable
5,Q0,table-1038-539,15.0,0.3888202660882847,smarttable
6,Q0,table-1280-419,1.0,0.5739691353228302,smarttable
6,Q0,table-1359-957,2.0,0.48558216596650333,smarttable
6,Q0,table-1352-879,3.0,0.47092943010629934,smarttable
6,Q0,table-1495-660,4.0,0.4654306483246904,smarttable
6,Q0,table-1370-780,5.0,0.43505280753213393,smarttable
6,Q0,table-0386-340,6.0,0.4137297710837266,smarttable
6,Q0,table-1506-649,7.0,0.41268631306622944,smarttable
6,Q0,table-0364-358,8.0,0.3981574368127367,smarttable
6,Q0,table-0085-402,9.0,0.39741772950869686,smarttable
6,Q0,table-1495-661,10.0,0.388069712267862,smarttable
6,Q0,table-1393-928,11.0,0.3838055977972583,smarttable
6,Q0,table-1421-346,12.0,0.3779829444206155,smarttable
6,Q0,table-1588-343,13.0,0.366387758750076,smarttable
6,Q0,table-1488-888,14.0,0.36631328038684813,smarttable
6,Q0,table-1393-929,15.0,0.3637430933325453,smarttable
7,Q0,table-1219-416,1.0,0.7658747744649551,smarttable
7,Q0,table-1646-24,2.0,0.5665361683020164,smarttable
7,Q0,table-1027-955,3.0,0.5107066175013342,smarttable
7,Q0,table-1492-675,4.0,0.5006465608276213,smarttable
7,Q0,table-0679-415,5.0,0.4611262931185727,smarttable
7,Q0,table-1056-349,6.0,0.4607765240779649,smarttable
7,Q0,table-0155-146,7.0,0.4518587411381944,smarttable
7,Q0,table-0592-701,8.0,0.4449212169753756,smarttable
7,Q0,table-1460-510,9.0,0.42788503607111705,smarttable
7,Q0,table-0406-281,10.0,0.4271359916596552,smarttable
7,Q0,table-1344-229,11.0,0.41660203301853,smarttable
7,Q0,table-0678-625,12.0,0.4013162769148783,smarttable
7,Q0,table-1211-1000,13.0,0.3942980784685014,smarttable
7,Q0,table-1367-872,14.0,0.3942980784685014,smarttable
7,Q0,table-1582-619,15.0,0.3942980784685014,smarttable
8,Q0,table-0859-564,1.0,0.6510390004974861,smarttable
8,Q0,table-0363-804,2.0,0.556992515317217,smarttable
8,Q0,table-0383-873,3.0,0.556992515317217,smarttable
8,Q0,table-1009-917,4.0,0.5479799578593731,smarttable
8,Q0,table-1310-1,5.0,0.5435688147145709,smarttable
8,Q0,table-0461-640,6.0,0.5049018054005388,smarttable
8,Q0,table-0366-991,7.0,0.4747035391957902,smarttable
8,Q0,table-0335-195,8.0,0.4704588703600739,smarttable
8,Q0,table-0633-54,9.0,0.4635651105348155,smarttable
8,Q0,table-0177-459,10.0,0.45492995212058707,smarttable
8,Q0,table-0569-730,11.0,0.45375810164371494,smarttable
8,Q0,table-0204-321,12.0,0.4124721904115724,smarttable
8,Q0,table-0205-562,13.0,0.4043164658393849,smarttable
8,Q0,table-1163-200,14.0,0.39215924155117404,smarttable
8,Q0,table-0298-767,15.0,0.3626362647480871,smarttable
9,Q0,table-0538-779,1.0,0.668078228296264,smarttable
9,Q0,table-0786-423,2.0,0.5886505376959388,smarttable
9,Q0,table-0731-979,3.0,0.5544407482952379,smarttable
9,Q0,table-0824-357,4.0,0.54513979578929,smarttable
9,Q0,table-1415-938,5.0,0.5293169963618977,smarttable
9,Q0,table-1286-2,6.0,0.511755385314297,smarttable
9,Q0,table-1276-195,7.0,0.5041675767559561,smarttable
9,Q0,table-0383-921,8.0,0.49194382288958394,smarttable
9,Q0,table-0326-223,9.0,0.47492550753644913,smarttable
9,Q0,table-0430-782,10.0,0.3951046865411921,smarttable
9,Q0,table-0321-578,11.0,0.38963868579392663,smarttable
9,Q0,table-1524-764,12.0,0.3585489385582219,smarttable
9,Q0,table-0148-456,13.0,0.3399158218039756,smarttable
9,Q0,table-1402-475,14.0,0.3332347035194969,smarttable
9,Q0,table-1402-476,15.0,0.3286673969411129,smarttable
10,Q0,table-0952-32,1.0,1e-06,smarttable
10,Q0,table-0909-884,2.0,1e-06,smarttable
10,Q0,table-1322-966,3.0,1e-06,smarttable
10,Q0,table-0512-745,4.0,1e-06,smarttable
10,Q0,table-0791-274,5.0,1e-06,smarttable
10,Q0,table-0305-680,6.0,1e-06,smarttable
10,Q0,table-0201-222,7.0,1e-06,smarttable
10,Q0,table-1368-481,8.0,1e-06,smarttable
10,Q0,table-1387-237,9.0,1e-06,smarttable
10,Q0,table-0200-794,10.0,1e-06,smarttable
10,Q0,table-0152-596,11.0,1e-06,smarttable
10,Q0,table-0076-117,12.0,1e-06,smarttable
10,Q0,table-1098-252,13.0,1e-06,smarttable
10,Q0,table-0872-546,14.0,1e-06,smarttable
10,Q0,table-0999-850,15.0,1e-06,smarttable
11,Q0,table-0891-868,1.0,0.4513526629288826,smarttable
11,Q0,table-0951-286,2.0,0.411552510119734,smarttable
11,Q0,table-0951-285,3.0,0.3926240219204644,smarttable
11,Q0,table-0891-869,4.0,0.38090648063266563,smarttable
11,Q0,table-1256-358,5.0,0.3647983590417673,smarttable
11,Q0,table-1527-7,6.0,0.3573175855691571,smarttable
11,Q0,table-1283-492,7.0,0.3491396965958675,smarttable
11,Q0,table-1627-735,8.0,0.34508920220282174,smarttable
11,Q0,table-1196-415,9.0,0.32760503466406904,smarttable
11,Q0,table-0313-781,10.0,0.32760503466406904,smarttable
11,Q0,table-1579-543,11.0,0.31287672507700137,smarttable
11,Q0,table-1501-924,12.0,0.30799575534862295,smarttable
11,Q0,table-1479-56,13.0,0.3072485803084647,smarttable
11,Q0,table-1376-554,14.0,0.30495519702934,smarttable
11,Q0,table-0754-22,15.0,0.297497649855068,smarttable
12,Q0,table-1315-700,1.0,0.7457756218418248,smarttable
12,Q0,table-0029-940,2.0,0.48475968255583884,smarttable
12,Q0,table-1581-127,3.0,0.32382370956747775,smarttable
12,Q0,table-1581-128,4.0,0.32211810529206847,smarttable
12,Q0,table-1581-129,5.0,0.28201756489784086,smarttable
12,Q0,table-0017-770,6.0,0.19003989356244147,smarttable
12,Q0,table-1609-720,7.0,0.15860642057798996,smarttable
12,Q0,table-1609-737,8.0,0.15860642057798996,smarttable
12,Q0,table-0969-18,9.0,0.1435642016010335,smarttable
12,Q0,table-1119-799,10.0,0.13046771341265795,smarttable
12,Q0,table-0274-337,11.0,0.1228729581040518,smarttable
12,Q0,table-1230-725,12.0,0.11550865726719632,smarttable
12,Q0,table-0146-573,13.0,0.10371909901246751,smarttable
12,Q0,table-1536-952,14.0,0.0997269157148696,smarttable
12,Q0,table-1420-566,15.0,0.09888081262037207,smarttable
13,Q0,table-1545-121,1.0,0.7130378350140654,smarttable
13,Q0,table-0482-24,2.0,0.7074834105250423,smarttable
13,Q0,table-0716-591,3.0,0.639603670401742,smarttable
13,Q0,table-0263-444,4.0,0.6240840946123034,smarttable
13,Q0,table-0686-862,5.0,0.6041168049634538,smarttable
13,Q0,table-0925-91,6.0,0.5918829467076104,smarttable
13,Q0,table-1320-890,7.0,0.5895231787043557,smarttable
13,Q0,table-1447-381,8.0,0.5839868345222682,smarttable
13,Q0,table-0311-394,9.0,0.5810379509966137,smarttable
13,Q0,table-0204-990,10.0,0.5803528903800796,smarttable
13,Q0,table-1365-737,11.0,0.5749180451598649,smarttable
13,Q0,table-1475-381,12.0,0.5599974136609477,smarttable
13,Q0,table-1320-888,13.0,0.5597344496329032,smarttable
13,Q0,table-1613-935,14.0,0.558539883997058,smarttable
13,Q0,table-1447-380,15.0,0.5554354775758887,smarttable
14,Q0,table-1627-322,1.0,0.46206091922087955,smarttable
14,Q0,table-0354-325,2.0,0.4493556501116041,smarttable
14,Q0,table-1317-895,3.0,0.4477406296053154,smarttable
14,Q0,table-0259-660,4.0,0.44548039287748936,smarttable
14,Q0,table-1647-73,5.0,0.4451196693398482,smarttable
14,Q0,table-1281-687,6.0,0.41066242018038307,smarttable
14,Q0,table-1250-339,7.0,0.3994624308829621,smarttable
14,Q0,table-0534-18,8.0,0.3994624308829621,smarttable
14,Q0,table-0833-422,9.0,0.3994624308829621,smarttable
14,Q0,table-0833-423,10.0,0.3994624308829621,smarttable
14,Q0,table-1012-845,11.0,0.3994624308829621,smarttable
14,Q0,table-1012-862,12.0,0.3994624308829621,smarttable
14,Q0,table-1627-323,13.0,0.3787820684926698,smarttable
14,Q0,table-1317-894,14.0,0.3787820684926698,smarttable
14,Q0,table-1392-358,15.0,0.3558667596795866,smarttable
15,Q0,table-0312-31,1.0,0.7928508518507429,smarttable
15,Q0,table-0312-4,2.0,0.7928508518507429,smarttable
15,Q0,table-0311-996,3.0,0.7928508518507429,smarttable
15,Q0,table-0312-45,4.0,0.7928508518507427,smarttable
15,Q0,table-0312-62,5.0,0.7928508518507427,smarttable
15,Q0,table-0312-63,6.0,0.7928508518507427,smarttable
15,Q0,table-0312-44,7.0,0.7928508518507427,smarttable
15,Q0,table-0312-74,8.0,0.7928508518507427,smarttable
15,Q0,table-0312-70,9.0,0.7928508518507427,smarttable
15,Q0,table-0312-67,10.0,0.7928508518507427,smarttable
15,Q0,table-0312-60,11.0,0.7928508518507427,smarttable
15,Q0,table-0312-53,12.0,0.7928508518507427,smarttable
15,Q0,table-0312-46,13.0,0.7928508518507427,smarttable
15,Q0,table-0312-48,14.0,0.7928508518507427,smarttable
15,Q0,table-0080-632,15.0,0.7671619040036152,smarttable
16,Q0,table-0172-991,1.0,0.5667382779656155,smarttable
16,Q0,table-1424-415,2.0,0.5472337801144297,smarttable
16,Q0,table-0401-729,3.0,0.5436888664174059,smarttable
16,Q0,table-1573-732,4.0,0.5364097944055871,smarttable
16,Q0,table-0096-57,5.0,0.5232520224637367,smarttable
16,Q0,table-1180-888,6.0,0.4983000792134909,smarttable
16,Q0,table-0336-744,7.0,0.4847994141130536,smarttable
16,Q0,table-0704-620,8.0,0.4429328023214807,smarttable
16,Q0,table-0431-12,9.0,0.40368760853650265,smarttable
16,Q0,table-1515-757,10.0,0.40070762058452597,smarttable
16,Q0,table-0056-298,11.0,0.3958251111869098,smarttable
16,Q0,table-1441-100,12.0,0.377216312925177,smarttable
16,Q0,table-0766-472,13.0,0.370751485748666,smarttable
16,Q0,table-0949-855,14.0,0.3620769524072648,smarttable
16,Q0,table-0523-269,15.0,0.35211496940151027,smarttable
17,Q0,table-0160-841,1.0,0.7625013642786551,smarttable
17,Q0,table-1258-777,2.0,0.7334821277286291,smarttable
17,Q0,table-0349-674,3.0,0.6462117933447149,smarttable
17,Q0,table-1359-354,4.0,0.6227576903084069,smarttable
17,Q0,table-0587-475,5.0,0.6209500517838826,smarttable
17,Q0,table-0677-684,6.0,0.6197638115514627,smarttable
17,Q0,table-1309-776,7.0,0.6099123209459605,smarttable
17,Q0,table-1347-281,8.0,0.5911392698457303,smarttable
17,Q0,table-1365-564,9.0,0.5901610038588111,smarttable
17,Q0,table-0994-146,10.0,0.5857526970735837,smarttable
17,Q0,table-1571-18,11.0,0.575568577939787,smarttable
17,Q0,table-0232-667,12.0,0.5706789626582537,smarttable
17,Q0,table-1430-207,13.0,0.5647488865192077,smarttable
17,Q0,table-0160-842,14.0,0.5555659132205846,smarttable
17,Q0,table-0313-519,15.0,0.5490175000299314,smarttable
18,Q0,table-0588-897,1.0,0.6563580291136825,smarttable
18,Q0,table-1014-375,2.0,0.595098284141601,smarttable
18,Q0,table-1515-871,3.0,0.5904612075259894,smarttable
18,Q0,table-0575-338,4.0,0.5636717713264956,smarttable
18,Q0,table-0826-552,5.0,0.5335384524510571,smarttable
18,Q0,table-1526-869,6.0,0.5335384524510571,smarttable
18,Q0,table-1526-875,7.0,0.5335384524510571,smarttable
18,Q0,table-1526-870,8.0,0.5294790246906372,smarttable
18,Q0,table-1526-873,9.0,0.5294790246906372,smarttable
18,Q0,table-1526-871,10.0,0.5108802957652321,smarttable
18,Q0,table-0587-437,11.0,0.4903818110922091,smarttable
18,Q0,table-0899-963,12.0,0.4903818110922091,smarttable
18,Q0,table-0575-330,13.0,0.4903818110922091,smarttable
18,Q0,table-0575-375,14.0,0.4903818110922091,smarttable
18,Q0,table-0588-469,15.0,0.4903818110922091,smarttable
19,Q0,table-1535-121,1.0,0.6439440626176155,smarttable
19,Q0,table-0578-304,2.0,0.5919079995706817,smarttable
19,Q0,table-1453-180,3.0,0.5258307851285771,smarttable
19,Q0,table-1605-522,4.0,0.459305026134397,smarttable
19,Q0,table-0837-242,5.0,0.42059273531245805,smarttable
19,Q0,table-1453-183,6.0,0.4177943829531672,smarttable
19,Q0,table-1453-178,7.0,0.41169968138131774,smarttable
19,Q0,table-0853-133,8.0,0.4054390537241682,smarttable
19,Q0,table-0922-919,9.0,0.39618137140853904,smarttable
19,Q0,table-0836-302,10.0,0.394079587376731,smarttable
19,Q0,table-0836-301,11.0,0.394079587376731,smarttable
19,Q0,table-1453-184,12.0,0.3841441575909485,smarttable
19,Q0,table-1630-157,13.0,0.38130621050980423,smarttable
19,Q0,table-0540-631,14.0,0.3714317330838841,smarttable
19,Q0,table-0009-819,15.0,0.3714232994323861,smarttable
20,Q0,table-1531-715,1.0,0.8916319225917396,smarttable
20,Q0,table-1531-714,2.0,0.8916319225917396,smarttable
20,Q0,table-0552-212,3.0,0.8192101912348141,smarttable
20,Q0,table-0552-213,4.0,0.7572670096717165,smarttable
20,Q0,table-1323-212,5.0,0.7448728110178227,smarttable
20,Q0,table-1051-395,6.0,0.651701402637482,smarttable
20,Q0,table-0397-909,7.0,0.5960257698527357,smarttable
20,Q0,table-0679-523,8.0,0.5776297198903938,smarttable
20,Q0,table-0397-592,9.0,0.5600913842189907,smarttable
20,Q0,table-0636-282,10.0,0.5298639549475904,smarttable
20,Q0,table-1420-810,11.0,0.5153874719813634,smarttable
20,Q0,table-0232-312,12.0,0.5106956613272869,smarttable
20,Q0,table-1051-457,13.0,0.48644439077051466,smarttable
20,Q0,table-0397-907,14.0,0.48374673183942,smarttable
20,Q0,table-1591-498,15.0,0.48054961460610196,smarttable
21,Q0,table-0061-292,1.0,0.6790347717070268,smarttable
21,Q0,table-1227-229,2.0,0.624954839169251,smarttable
21,Q0,table-0825-384,3.0,0.6207567891736436,smarttable
21,Q0,table-0167-101,4.0,0.5518945858462723,smarttable
21,Q0,table-0611-612,5.0,0.5057974947222689,smarttable
21,Q0,table-1493-389,6.0,0.3875801557485584,smarttable
21,Q0,table-0038-57,7.0,0.38001671452588076,smarttable
21,Q0,table-1102-27,8.0,0.35593995842868287,smarttable
21,Q0,table-0546-462,9.0,0.34221925301739214,smarttable
21,Q0,table-1483-428,10.0,0.33675397395755524,smarttable
21,Q0,table-0683-881,11.0,0.33251352336621354,smarttable
21,Q0,table-1035-871,12.0,0.3293570710245551,smarttable
21,Q0,table-1295-879,13.0,0.31015122825266456,smarttable
21,Q0,table-0891-270,14.0,0.29947849132977716,smarttable
21,Q0,table-0496-390,15.0,0.29947849132977716,smarttable
22,Q0,table-0721-578,1.0,0.6514423046452508,smarttable
22,Q0,table-0532-499,2.0,0.5033803653023174,smarttable
22,Q0,table-0936-730,3.0,0.41034681643511983,smarttable
22,Q0,table-0415-112,4.0,0.39937596763007044,smarttable
22,Q0,table-1649-739,5.0,0.37554911619843245,smarttable
22,Q0,table-1454-460,6.0,0.34160448149054107,smarttable
22,Q0,table-1067-275,7.0,0.3169056380575875,smarttable
22,Q0,table-1390-483,8.0,0.3106479304036311,smarttable
22,Q0,table-1626-811,9.0,0.305203953547963,smarttable
22,Q0,table-0364-38,10.0,0.28581622745286206,smarttable
22,Q0,table-0364-40,11.0,0.28581622745286206,smarttable
22,Q0,table-0448-223,12.0,0.28020740072154476,smarttable
22,Q0,table-1570-558,13.0,0.2638912428305211,smarttable
22,Q0,table-0695-982,14.0,0.2570097046820027,smarttable
22,Q0,table-1570-754,15.0,0.22051510235906238,smarttable
23,Q0,table-0830-358,1.0,0.7444957727810967,smarttable
23,Q0,table-0498-297,2.0,0.659280728299359,smarttable
23,Q0,table-1070-327,3.0,0.6104293563844407,smarttable
23,Q0,table-0458-601,4.0,0.590867707482987,smarttable
23,Q0,table-1070-326,5.0,0.5815377354655041,smarttable
23,Q0,table-0103-625,6.0,0.5783731815034185,smarttable
23,Q0,table-0270-496,7.0,0.5674874735745935,smarttable
23,Q0,table-1176-644,8.0,0.5442314683590367,smarttable
23,Q0,table-0209-363,9.0,0.5370635119631091,smarttable
23,Q0,table-1636-132,10.0,0.5342974234099216,smarttable
23,Q0,table-1007-467,11.0,0.5313613238796008,smarttable
23,Q0,table-1579-470,12.0,0.5295102793924426,smarttable
23,Q0,table-0541-604,13.0,0.5267142760616386,smarttable
23,Q0,table-0389-936,14.0,0.49910784599594327,smarttable
23,Q0,table-0813-442,15.0,0.49444105727979115,smarttable
24,Q0,table-0468-712,1.0,0.6786478439947394,smarttable
24,Q0,table-0729-940,2.0,0.6336680974865677,smarttable
24,Q0,table-1027-438,3.0,0.6125663264646414,smarttable
24,Q0,table-0581-69,4.0,0.45731278659612135,smarttable
24,Q0,table-0202-593,5.0,0.44287020349335104,smarttable
24,Q0,table-0189-549,6.0,0.2253119518654062,smarttable
24,Q0,table-1452-735,7.0,0.15373572672157282,smarttable
24,Q0,table-1492-780,8.0,0.14622508909406523,smarttable
24,Q0,table-0165-701,9.0,0.1394584513428981,smarttable
24,Q0,table-1492-782,10.0,0.13805150946924677,smarttable
24,Q0,table-1492-825,11.0,0.1313342834589778,smarttable
24,Q0,table-1492-779,12.0,0.13008731367077417,smarttable
24,Q0,table-1492-778,13.0,0.12765095601984075,smarttable
24,Q0,table-0521-802,14.0,0.12734756145933465,smarttable
24,Q0,table-0165-694,15.0,0.12642755679304446,smarttable
25,Q0,table-0889-965,1.0,0.8031723333252263,smarttable
25,Q0,table-1280-188,2.0,0.7981940537966341,smarttable
25,Q0,table-1017-262,3.0,0.769667443016921,smarttable
25,Q0,table-1393-891,4.0,0.769667443016921,smarttable
25,Q0,table-1527-973,5.0,0.769667443016921,smarttable
25,Q0,table-0499-134,6.0,0.752103382179133,smarttable
25,Q0,table-0616-645,7.0,0.7282699861821226,smarttable
25,Q0,table-0889-966,8.0,0.7244562939249686,smarttable
25,Q0,table-1169-159,9.0,0.7217933229038498,smarttable
25,Q0,table-1442-905,10.0,0.7217933229038498,smarttable
25,Q0,table-1015-420,11.0,0.7152334212739063,smarttable
25,Q0,table-0875-880,12.0,0.7056554394926186,smarttable
25,Q0,table-0197-360,13.0,0.6989078123304228,smarttable
25,Q0,table-0197-362,14.0,0.6989078123304228,smarttable
25,Q0,table-0197-361,15.0,0.6989078123304228,smarttable
26,Q0,table-0529-770,1.0,0.793552019888268,smarttable
26,Q0,table-0529-771,2.0,0.790791663027038,smarttable
26,Q0,table-1148-406,3.0,0.7562048805831146,smarttable
26,Q0,table-0375-830,4.0,0.7355606374258434,smarttable
26,Q0,table-0375-831,5.0,0.7355606374258434,smarttable
26,Q0,table-0713-460,6.0,0.7355606374258434,smarttable
26,Q0,table-1479-337,7.0,0.7355606374258434,smarttable
26,Q0,table-0180-427,8.0,0.6953115845601152,smarttable
26,Q0,table-0677-812,9.0,0.6953115845601152,smarttable
26,Q0,table-0420-837,10.0,0.6953115845601152,smarttable
26,Q0,table-0978-762,11.0,0.6953115845601152,smarttable
26,Q0,table-1295-621,12.0,0.6953115845601152,smarttable
26,Q0,table-0492-926,13.0,0.6953115845601152,smarttable
26,Q0,table-1305-174,14.0,0.6953115845601152,smarttable
26,Q0,table-0349-8,15.0,0.6953115845601152,smarttable
27,Q0,table-0610-21,1.0,0.679201538805648,smarttable
27,Q0,table-0007-925,2.0,0.6179107004045233,smarttable
27,Q0,table-0610-22,3.0,0.5795194742523031,smarttable
27,Q0,table-0763-642,4.0,0.5580096236034,smarttable
27,Q0,table-0065-495,5.0,0.5449167343029808,smarttable
27,Q0,table-0703-920,6.0,0.5427707429904828,smarttable
27,Q0,table-0609-656,7.0,0.5427707429904828,smarttable
27,Q0,table-0593-504,8.0,0.5427707429904828,smarttable
27,Q0,table-0642-367,9.0,0.5427707429904828,smarttable
27,Q0,table-0007-924,10.0,0.5397763234564648,smarttable
27,Q0,table-0012-462,11.0,0.5189394046452895,smarttable
27,Q0,table-0296-506,12.0,0.515952587062833,smarttable
27,Q0,table-1533-500,13.0,0.43917154681963816,smarttable
27,Q0,table-0208-817,14.0,0.4211862865373399,smarttable
27,Q0,table-1340-721,15.0,0.3996598516277836,smarttable
28,Q0,table-1455-264,1.0,0.706767371531066,smarttable
28,Q0,table-1116-904,2.0,0.616252866199906,smarttable
28,Q0,table-1117-80,3.0,0.609441755486066,smarttable
28,Q0,table-1117-4,4.0,0.609441755486066,smarttable
28,Q0,table-1116-768,5.0,0.609441755486066,smarttable
28,Q0,table-1607-162,6.0,0.5580128343727669,smarttable
28,Q0,table-1320-478,7.0,0.5172062061801037,smarttable
28,Q0,table-1472-114,8.0,0.5168494208911161,smarttable
28,Q0,table-1458-711,9.0,0.5168494208911161,smarttable
28,Q0,table-1251-940,10.0,0.4802162520744375,smarttable
28,Q0,table-1548-900,11.0,0.430889456248759,smarttable
28,Q0,table-0833-571,12.0,0.4252168543033236,smarttable
28,Q0,table-1014-332,13.0,0.415306272487003,smarttable
28,Q0,table-0213-664,14.0,0.4086573331944154,smarttable
28,Q0,table-1014-330,15.0,0.40809306606509177,smarttable
29,Q0,table-0975-862,1.0,0.6718320235712306,smarttable
29,Q0,table-0975-829,2.0,0.6718320235712306,smarttable
29,Q0,table-0976-380,3.0,0.6718320235712306,smarttable
29,Q0,table-0358-30,4.0,0.6436953106834061,smarttable
29,Q0,table-0355-422,5.0,0.6436953106834061,smarttable
29,Q0,table-0355-972,6.0,0.6436953106834061,smarttable
29,Q0,table-0355-804,7.0,0.6436953106834061,smarttable
29,Q0,table-0427-720,8.0,0.6436953106834061,smarttable
29,Q0,table-0427-703,9.0,0.6436953106834061,smarttable
29,Q0,table-0427-705,10.0,0.6436953106834061,smarttable
29,Q0,table-0428-136,11.0,0.6436953106834061,smarttable
29,Q0,table-0428-118,12.0,0.6436953106834061,smarttable
29,Q0,table-0428-156,13.0,0.6436953106834061,smarttable
29,Q0,table-0428-148,14.0,0.6436953106834061,smarttable
29,Q0,table-0356-842,15.0,0.6436953106834061,smarttable
30,Q0,table-1012-982,1.0,0.4884380540685766,smarttable
30,Q0,table-1068-320,2.0,0.4736638393964249,smarttable
30,Q0,table-0884-479,3.0,0.46978822127836356,smarttable
30,Q0,table-1576-434,4.0,0.40091812267990956,smarttable
30,Q0,table-1512-23,5.0,0.3899588557065398,smarttable
30,Q0,table-1502-628,6.0,0.38561345889847326,smarttable
30,Q0,table-1465-56,7.0,0.38340776044890756,smarttable
30,Q0,table-0779-302,8.0,0.35553636950321166,smarttable
30,Q0,table-1576-435,9.0,0.34350510634561937,smarttable
30,Q0,table-1253-977,10.0,0.3372840079066964,smarttable
30,Q0,table-0732-148,11.0,0.33522762164919884,smarttable
30,Q0,table-1444-126,12.0,0.3173242114939548,smarttable
30,Q0,table-1253-975,13.0,0.2661262114361284,smarttable
30,Q0,table-0520-188,14.0,0.23241069124327618,smarttable
30,Q0,table-0225-274,15.0,0.2295957837833058,smarttable
31,Q0,table-1517-710,1.0,0.6522033994356912,smarttable
31,Q0,table-0202-113,2.0,0.6024414727717141,smarttable
31,Q0,table-1627-2,3.0,0.5914719183882672,smarttable
31,Q0,table-1625-503,4.0,0.48573612007653905,smarttable
31,Q0,table-1565-676,5.0,0.4829675341323378,smarttable
31,Q0,table-0309-232,6.0,0.48067535064246175,smarttable
31,Q0,table-1197-397,7.0,0.47934208006090706,smarttable
31,Q0,table-1537-751,8.0,0.47189301459745586,smarttable
31,Q0,table-1537-765,9.0,0.4637450494101664,smarttable
31,Q0,table-0803-130,10.0,0.43925569264284037,smarttable
31,Q0,table-1032-853,11.0,0.4362019651238756,smarttable
31,Q0,table-0810-501,12.0,0.43603099638637277,smarttable
31,Q0,table-0583-846,13.0,0.4268354984232915,smarttable
31,Q0,table-0151-848,14.0,0.41964754105632274,smarttable
31,Q0,table-0419-513,15.0,0.4193374681144398,smarttable
32,Q0,table-1598-564,1.0,0.4183119617375991,smarttable
32,Q0,table-0174-290,2.0,0.40700959758172833,smarttable
32,Q0,table-1577-566,3.0,0.3949633615459206,smarttable
32,Q0,table-0263-897,4.0,0.37806648141853183,smarttable
32,Q0,table-0420-88,5.0,0.362321788429252,smarttable
32,Q0,table-0038-987,6.0,0.35426869726763643,smarttable
32,Q0,table-0972-522,7.0,0.3353607374836486,smarttable
32,Q0,table-1289-998,8.0,0.33224093252346887,smarttable
32,Q0,table-1421-186,9.0,0.32208036451345534,smarttable
32,Q0,table-0092-585,10.0,0.31076139755092425,smarttable
32,Q0,table-1547-176,11.0,0.3070566101808911,smarttable
32,Q0,table-1604-759,12.0,0.29771288479989744,smarttable
32,Q0,table-1604-743,13.0,0.29771288479989744,smarttable
32,Q0,table-1547-182,14.0,0.29699473442726926,smarttable
32,Q0,table-0037-29,15.0,0.2836046630196107,smarttable
33,Q0,table-0264-10,1.0,0.5665328305696703,smarttable
33,Q0,table-1442-709,2.0,0.5557228013009654,smarttable
33,Q0,table-0105-792,3.0,0.5377985816059834,smarttable
33,Q0,table-0264-11,4.0,0.530140026507899,smarttable
33,Q0,table-0541-196,5.0,0.42184296968823315,smarttable
33,Q0,table-0791-515,6.0,0.4203562571694768,smarttable
33,Q0,table-0153-339,7.0,0.4088672395126767,smarttable
33,Q0,table-0293-211,8.0,0.39727137260710677,smarttable
33,Q0,table-0401-152,9.0,0.39727137260710677,smarttable
33,Q0,table-0152-679,10.0,0.39727137260710677,smarttable
33,Q0,table-0259-373,11.0,0.39727137260710677,smarttable
33,Q0,table-0446-274,12.0,0.39320761614106003,smarttable
33,Q0,table-1146-554,13.0,0.3884093915035668,smarttable
33,Q0,table-1203-97,14.0,0.3815511284847518,smarttable
33,Q0,table-0436-693,15.0,0.37825196498065844,smarttable
34,Q0,table-0218-202,1.0,0.7351816662220803,smarttable
34,Q0,table-1611-457,2.0,0.664604261458983,smarttable
34,Q0,table-1611-513,3.0,0.664604261458983,smarttable
34,Q0,table-1611-956,4.0,0.664604261458983,smarttable
34,Q0,table-1611-907,5.0,0.664604261458983,smarttable
34,Q0,table-1611-534,6.0,0.664604261458983,smarttable
34,Q0,table-1609-797,7.0,0.664604261458983,smarttable
34,Q0,table-1612-245,8.0,0.664604261458983,smarttable
34,Q0,table-1612-250,9.0,0.664604261458983,smarttable
34,Q0,table-1612-191,10.0,0.664604261458983,smarttable
34,Q0,table-1612-47,11.0,0.664604261458983,smarttable
34,Q0,table-1612-120,12.0,0.664604261458983,smarttable
34,Q0,table-1612-2,13.0,0.664604261458983,smarttable
34,Q0,table-1608-124,14.0,0.664604261458983,smarttable
34,Q0,table-1618-598,15.0,0.664604261458983,smarttable
35,Q0,table-1489-449,1.0,0.6045936783190472,smarttable
35,Q0,table-1014-183,2.0,0.5126501573633472,smarttable
35,Q0,table-0598-146,3.0,0.4958230012192347,smarttable
35,Q0,table-0243-845,4.0,0.4480369123838958,smarttable
35,Q0,table-0379-43,5.0,0.40353992405504724,smarttable
35,Q0,table-0981-699,6.0,0.401765407256423,smarttable
35,Q0,table-0453-219,7.0,0.39448669314883034,smarttable
35,Q0,table-0456-852,8.0,0.3890956328274553,smarttable
35,Q0,table-0130-23,9.0,0.3890956328274553,smarttable
35,Q0,table-0452-590,10.0,0.3857878173318988,smarttable
35,Q0,table-1402-905,11.0,0.3733299058117229,smarttable
35,Q0,table-1078-825,12.0,0.3699176320100807,smarttable
35,Q0,table-1353-195,13.0,0.36877836350574084,smarttable
35,Q0,table-0865-947,14.0,0.35674831796598283,smarttable
35,Q0,table-1508-914,15.0,0.33289539574023685,smarttable
36,Q0,table-0456-852,1.0,0.7148596008206956,smarttable
36,Q0,table-1489-146,2.0,0.6698356819421482,smarttable
36,Q0,table-1353-195,3.0,0.6447651683406262,smarttable
36,Q0,table-0598-146,4.0,0.6387372595461567,smarttable
36,Q0,table-0459-793,5.0,0.6172035204773354,smarttable
36,Q0,table-1356-222,6.0,0.6114749547466788,smarttable
36,Q0,table-0981-699,7.0,0.6021308779988895,smarttable
36,Q0,table-0453-219,8.0,0.6010102840467892,smarttable
36,Q0,table-1402-905,9.0,0.6009218492052785,smarttable
36,Q0,table-1489-449,10.0,0.5532445780923012,smarttable
36,Q0,table-0576-378,11.0,0.5390728726235455,smarttable
36,Q0,table-0245-556,12.0,0.4871792412366075,smarttable
36,Q0,table-1005-652,13.0,0.4797340959469431,smarttable
36,Q0,table-1508-914,14.0,0.47792118241836745,smarttable
36,Q0,table-1390-372,15.0,0.4732859928993782,smarttable
37,Q0,table-0687-978,1.0,0.6865045278410132,smarttable
37,Q0,table-1627-93,2.0,0.5825947315874646,smarttable
37,Q0,table-0190-739,3.0,0.5401497048690712,smarttable
37,Q0,table-1616-533,4.0,0.529332081687031,smarttable
37,Q0,table-0327-289,5.0,0.5222110155703517,smarttable
37,Q0,table-1573-730,6.0,0.5150069005944521,smarttable
37,Q0,table-0889-1,7.0,0.4809366077663951,smarttable
37,Q0,table-1304-270,8.0,0.4513592272780378,smarttable
37,Q0,table-1108-894,9.0,0.4476815039681002,smarttable
37,Q0,table-0290-4,10.0,0.43920345222143464,smarttable
37,Q0,table-1639-747,11.0,0.4231817727031944,smarttable
37,Q0,table-1421-943,12.0,0.4202671471361365,smarttable
37,Q0,table-0521-373,13.0,0.4182376623773968,smarttable
37,Q0,table-1375-531,14.0,0.398708544186692,smarttable
37,Q0,table-1441-100,15.0,0.3962472808079618,smarttable
38,Q0,table-1451-328,1.0,0.740055411080651,smarttable
38,Q0,table-1017-538,2.0,0.632620208208241,smarttable
38,Q0,table-0403-805,3.0,0.6273182893893094,smarttable
38,Q0,table-0507-56,4.0,0.5062075861469268,smarttable
38,Q0,table-1640-953,5.0,0.48312224580036317,smarttable
38,Q0,table-1650-920,6.0,0.4751677076541024,smarttable
38,Q0,table-0066-52,7.0,0.4538114524604556,smarttable
38,Q0,table-1386-110,8.0,0.42720654085955784,smarttable
38,Q0,table-1035-439,9.0,0.42684350196234133,smarttable
38,Q0,table-1017-458,10.0,0.4122059657604022,smarttable
38,Q0,table-1363-588,11.0,0.40562354874582807,smarttable
38,Q0,table-1600-677,12.0,0.38859736124835786,smarttable
38,Q0,table-0571-533,13.0,0.38859736124835786,smarttable
38,Q0,table-0985-943,14.0,0.3861717750103625,smarttable
38,Q0,table-0520-707,15.0,0.3824023825694825,smarttable
39,Q0,table-0752-77,1.0,0.5360005356062967,smarttable
39,Q0,table-1169-102,2.0,0.4609448272303678,smarttable
39,Q0,table-0752-76,3.0,0.4201444697624833,smarttable
39,Q0,table-1420-265,4.0,0.391093209222591,smarttable
39,Q0,table-1637-901,5.0,0.3719808223847589,smarttable
39,Q0,table-1359-325,6.0,0.3711559067499099,smarttable
39,Q0,table-1524-733,7.0,0.3536788633708302,smarttable
39,Q0,table-1631-302,8.0,0.35194665881956777,smarttable
39,Q0,table-1390-133,9.0,0.33537674707640797,smarttable
39,Q0,table-0435-533,10.0,0.33261381119830863,smarttable
39,Q0,table-1253-980,11.0,0.3310340215556039,smarttable
39,Q0,table-0592-700,12.0,0.32352434255817214,smarttable
39,Q0,table-0919-677,13.0,0.3021708967448731,smarttable
39,Q0,table-0285-770,14.0,0.29244001144166665,smarttable
39,Q0,table-0809-4,15.0,0.2884949575000456,smarttable
40,Q0,table-1269-149,1.0,0.6445271345823054,smarttable
40,Q0,table-1455-165,2.0,0.6198511631818543,smarttable
40,Q0,table-1031-634,3.0,0.6169833951173808,smarttable
40,Q0,table-0222-36,4.0,0.6162584195171164,smarttable
40,Q0,table-0780-807,5.0,0.5995802356810312,smarttable
40,Q0,table-1045-652,6.0,0.5895051858147266,smarttable
40,Q0,table-0484-507,7.0,0.5572340600630328,smarttable
40,Q0,table-0457-316,8.0,0.5408253693229296,smarttable
40,Q0,table-1652-618,9.0,0.5408253693229296,smarttable
40,Q0,table-1331-131,10.0,0.5208380273982067,smarttable
40,Q0,table-1455-161,11.0,0.5160141533929803,smarttable
40,Q0,table-0880-38,12.0,0.47742768343350767,smarttable
40,Q0,table-1634-346,13.0,0.4479992352979276,smarttable
40,Q0,table-1634-345,14.0,0.4479992352979276,smarttable
40,Q0,table-1640-849,15.0,0.4326375093521629,smarttable
41,Q0,table-0753-397,1.0,1e-06,smarttable
41,Q0,table-1050-865,2.0,1e-06,smarttable
41,Q0,table-1504-64,3.0,1e-06,smarttable
41,Q0,table-0948-485,4.0,1e-06,smarttable
41,Q0,table-1477-808,5.0,1e-06,smarttable
41,Q0,table-1289-462,6.0,1e-06,smarttable
41,Q0,table-1122-431,7.0,1e-06,smarttable
41,Q0,table-1060-257,8.0,1e-06,smarttable
41,Q0,table-0734-415,9.0,1e-06,smarttable
41,Q0,table-0831-21,10.0,1e-06,smarttable
41,Q0,table-0427-116,11.0,1e-06,smarttable
41,Q0,table-1543-912,12.0,1e-06,smarttable
41,Q0,table-0980-388,13.0,1e-06,smarttable
41,Q0,table-1465-963,14.0,1e-06,smarttable
41,Q0,table-0887-971,15.0,1e-06,smarttable
42,Q0,table-0349-811,1.0,0.7010051399758694,smarttable
42,Q0,table-0552-599,2.0,0.6932331508344524,smarttable
42,Q0,table-0033-259,3.0,0.6917019007920873,smarttable
42,Q0,table-0642-956,4.0,0.6745399129680191,smarttable
42,Q0,table-1397-842,5.0,0.5815753502539794,smarttable
42,Q0,table-0498-296,6.0,0.5211820557794632,smarttable
42,Q0,table-0342-607,7.0,0.5196937105265045,smarttable
42,Q0,table-0302-912,8.0,0.5109713321049592,smarttable
42,Q0,table-1069-625,9.0,0.5021871969205961,smarttable
42,Q0,table-1424-449,10.0,0.49687510834814,smarttable
42,Q0,table-0462-401,11.0,0.4525264396708372,smarttable
42,Q0,table-0356-179,12.0,0.4518035103462547,smarttable
42,Q0,table-0012-931,13.0,0.44834010197183577,smarttable
42,Q0,table-1493-257,14.0,0.4402403157237417,smarttable
42,Q0,table-1222-493,15.0,0.3900215953864268,smarttable
43,Q0,table-1610-22,1.0,1.0000000000000002,smarttable
43,Q0,table-1616-344,2.0,1.0,smarttable
43,Q0,table-1611-457,3.0,1.0,smarttable
43,Q0,table-1611-513,4.0,1.0,smarttable
43,Q0,table-1611-956,5.0,1.0,smarttable
43,Q0,table-1611-907,6.0,1.0,smarttable
43,Q0,table-1611-534,7.0,1.0,smarttable
43,Q0,table-1609-797,8.0,1.0,smarttable
43,Q0,table-1612-245,9.0,1.0,smarttable
43,Q0,table-1612-250,10.0,1.0,smarttable
43,Q0,table-1612-63,11.0,1.0,smarttable
43,Q0,table-1612-191,12.0,1.0,smarttable
43,Q0,table-1612-47,13.0,1.0,smarttable
43,Q0,table-1612-120,14.0,1.0,smarttable
43,Q0,table-1612-41,15.0,1.0,smarttable
44,Q0,table-1528-923,1.0,0.5651660141589319,smarttable
44,Q0,table-1591-383,2.0,0.543461391354409,smarttable
44,Q0,table-0412-643,3.0,0.5063439070456656,smarttable
44,Q0,table-1373-889,4.0,0.4595900072538505,smarttable
44,Q0,table-1623-755,5.0,0.45881521050543506,smarttable
44,Q0,table-1623-754,6.0,0.4506038722144517,smarttable
44,Q0,table-1008-630,7.0,0.4410406773179802,smarttable
44,Q0,table-1084-664,8.0,0.43090684705598387,smarttable
44,Q0,table-1146-968,9.0,0.40442636062679,smarttable
44,Q0,table-1008-629,10.0,0.4006484832504182,smarttable
44,Q0,table-0949-67,11.0,0.383894731808623,smarttable
44,Q0,table-1452-308,12.0,0.3657867736686403,smarttable
44,Q0,table-1562-617,13.0,0.3586393005999808,smarttable
44,Q0,table-0472-530,14.0,0.352080904636481,smarttable
44,Q0,table-0645-283,15.0,0.3338321399812717,smarttable
45,Q0,table-0798-552,1.0,0.6188036690842895,smarttable
45,Q0,table-0376-810,2.0,0.5889318806836067,smarttable
45,Q0,table-1191-502,3.0,0.5409489402727107,smarttable
45,Q0,table-0982-834,4.0,0.5409489402727107,smarttable
45,Q0,table-1014-776,5.0,0.5409489402727107,smarttable
45,Q0,table-1087-866,6.0,0.5158009067272756,smarttable
45,Q0,table-1329-502,7.0,0.5098523851298372,smarttable
45,Q0,table-1076-602,8.0,0.48746041850725713,smarttable
45,Q0,table-1461-670,9.0,0.4830997463659951,smarttable
45,Q0,table-1336-199,10.0,0.47872958924718306,smarttable
45,Q0,table-0497-395,11.0,0.475496741438483,smarttable
45,Q0,table-1499-154,12.0,0.4516494145904727,smarttable
45,Q0,table-0394-190,13.0,0.44927078764018535,smarttable
45,Q0,table-1640-497,14.0,0.44193524200435513,smarttable
45,Q0,table-0998-663,15.0,0.43772969145961077,smarttable
46,Q0,table-0765-619,1.0,0.8015187726721358,smarttable
46,Q0,table-1021-322,2.0,0.7662024067866124,smarttable
46,Q0,table-1471-990,3.0,0.7387348255762598,smarttable
46,Q0,table-1442-713,4.0,0.7347337120727359,smarttable
46,Q0,table-1536-230,5.0,0.7274410009474287,smarttable
46,Q0,table-1572-776,6.0,0.7077070716289904,smarttable
46,Q0,table-0338-14,7.0,0.7075444360909867,smarttable
46,Q0,table-1561-603,8.0,0.6988366443178038,smarttable
46,Q0,table-0096-922,9.0,0.6988366443178038,smarttable
46,Q0,table-1443-746,10.0,0.6867942955147139,smarttable
46,Q0,table-1485-517,11.0,0.6604770846086002,smarttable
46,Q0,table-1353-79,12.0,0.6492491474323477,smarttable
46,Q0,table-1345-49,13.0,0.6149217691227892,smarttable
46,Q0,table-1166-715,14.0,0.6100003372946791,smarttable
46,Q0,table-0044-810,15.0,0.6015468092192441,smarttable
47,Q0,table-0498-294,1.0,0.7435942278897048,smarttable
47,Q0,table-0224-786,2.0,0.7088637350887952,smarttable
47,Q0,table-0498-296,3.0,0.6717330861690896,smarttable
47,Q0,table-0253-590,4.0,0.6348415685528753,smarttable
47,Q0,table-1584-131,5.0,0.5938235438548746,smarttable
47,Q0,table-0927-517,6.0,0.5611437700785891,smarttable
47,Q0,table-0927-515,7.0,0.5531980143298513,smarttable
47,Q0,table-0087-619,8.0,0.5515992016965546,smarttable
47,Q0,table-1197-684,9.0,0.5182563023078104,smarttable
47,Q0,table-0728-796,10.0,0.5182563023078104,smarttable
47,Q0,table-0853-850,11.0,0.5079476859090238,smarttable
47,Q0,table-0282-68,12.0,0.4979213402062424,smarttable
47,Q0,table-0031-124,13.0,0.45079269551074547,smarttable
47,Q0,table-1424-449,14.0,0.4486644579796057,smarttable
47,Q0,table-0498-295,15.0,0.4371246983629288,smarttable
48,Q0,table-1571-62,1.0,0.6940613608466195,smarttable
48,Q0,table-0371-97,2.0,0.689126046814941,smarttable
48,Q0,table-1611-457,3.0,0.6877937101198378,smarttable
48,Q0,table-1611-513,4.0,0.6877937101198378,smarttable
48,Q0,table-1611-956,5.0,0.6877937101198378,smarttable
48,Q0,table-1611-907,6.0,0.6877937101198378,smarttable
48,Q0,table-1611-524,7.0,0.6877937101198378,smarttable
48,Q0,table-1611-534,8.0,0.6877937101198378,smarttable
48,Q0,table-1610-22,9.0,0.6877937101198378,smarttable
48,Q0,table-1609-797,10.0,0.6877937101198378,smarttable
48,Q0,table-1612-245,11.0,0.6877937101198378,smarttable
48,Q0,table-1612-250,12.0,0.6877937101198378,smarttable
48,Q0,table-1612-63,13.0,0.6877937101198378,smarttable
48,Q0,table-1612-191,14.0,0.6877937101198378,smarttable
48,Q0,table-1612-47,15.0,0.6877937101198378,smarttable
49,Q0,table-1502-45,1.0,0.5540059690917454,smarttable
49,Q0,table-1633-945,2.0,0.5096767343406418,smarttable
49,Q0,table-0846-443,3.0,0.5053023347425328,smarttable
49,Q0,table-0019-690,4.0,0.5053023347425328,smarttable
49,Q0,table-0497-834,5.0,0.5053023347425328,smarttable
49,Q0,table-1640-352,6.0,0.46317107734252305,smarttable
49,Q0,table-0302-912,7.0,0.43961911122895797,smarttable
49,Q0,table-1533-500,8.0,0.38822838322362235,smarttable
49,Q0,table-0876-486,9.0,0.3504488342001212,smarttable
49,Q0,table-0346-490,10.0,0.33975495035749714,smarttable
49,Q0,table-1310-170,11.0,0.33857395592791767,smarttable
49,Q0,table-1522-309,12.0,0.331302481410205,smarttable
49,Q0,table-1086-440,13.0,0.31674311099609226,smarttable
49,Q0,table-1017-379,14.0,0.311157434177731,smarttable
49,Q0,table-0404-288,15.0,0.2959224990190071,smarttable
50,Q0,table-0765-619,1.0,0.8487039276762351,smarttable
50,Q0,table-1471-990,2.0,0.7373128927254847,smarttable
50,Q0,table-1485-517,3.0,0.7210608743582924,smarttable
50,Q0,table-1443-746,4.0,0.7181353760834365,smarttable
50,Q0,table-0338-14,5.0,0.7149562758854946,smarttable
50,Q0,table-1561-603,6.0,0.7131045058061687,smarttable
50,Q0,table-0227-700,7.0,0.7115723346844605,smarttable
50,Q0,table-1433-255,8.0,0.6524915828761958,smarttable
50,Q0,table-0044-810,9.0,0.6030660586409353,smarttable
50,Q0,table-0575-909,10.0,0.5942022052122274,smarttable
50,Q0,table-0194-131,11.0,0.5938519192996722,smarttable
50,Q0,table-0217-349,12.0,0.582674158012912,smarttable
50,Q0,table-1448-687,13.0,0.5759502480237345,smarttable
50,Q0,table-1462-531,14.0,0.5723717387831062,smarttable
50,Q0,table-1443-745,15.0,0.5410107074171207,smarttable
51,Q0,table-0687-978,1.0,0.6783185075537463,smarttable
51,Q0,table-0346-105,2.0,0.6628974778151768,smarttable
51,Q0,table-1626-838,3.0,0.6580827497801036,smarttable
51,Q0,table-1438-848,4.0,0.6001472831463068,smarttable
51,Q0,table-0630-761,5.0,0.586018096144298,smarttable
51,Q0,table-0327-289,6.0,0.5740965442245607,smarttable
51,Q0,table-1640-1,7.0,0.5608238434717565,smarttable
51,Q0,table-1627-93,8.0,0.549196372204505,smarttable
51,Q0,table-0889-1,9.0,0.49104572447427774,smarttable
51,Q0,table-0190-739,10.0,0.4766510236028106,smarttable
51,Q0,table-0091-144,11.0,0.4704164477811098,smarttable
51,Q0,table-0290-4,12.0,0.4610512151444523,smarttable
51,Q0,table-1573-730,13.0,0.454190538962921,smarttable
51,Q0,table-0402-134,14.0,0.45309221011546547,smarttable
51,Q0,table-1612-670,15.0,0.45132576126682006,smarttable
52,Q0,table-1431-695,1.0,0.5096102351521041,smarttable
52,Q0,table-1336-806,2.0,0.43243996658114187,smarttable
52,Q0,table-0180-579,3.0,0.4183042791673755,smarttable
52,Q0,table-1331-268,4.0,0.3782278563462041,smarttable
52,Q0,table-0350-520,5.0,0.3562357542878203,smarttable
52,Q0,table-1482-885,6.0,0.34230358911370995,smarttable
52,Q0,table-1347-123,7.0,0.33569405404665953,smarttable
52,Q0,table-1005-326,8.0,0.3334998979544661,smarttable
52,Q0,table-0088-469,9.0,0.3275551519071538,smarttable
52,Q0,table-0388-840,10.0,0.326326097409188,smarttable
52,Q0,table-1417-465,11.0,0.32362856171114845,smarttable
52,Q0,table-1574-364,12.0,0.31992923502167675,smarttable
52,Q0,table-0368-850,13.0,0.3096505369076904,smarttable
52,Q0,table-1447-122,14.0,0.3055816396675939,smarttable
52,Q0,table-0131-736,15.0,0.29467418679288265,smarttable
53,Q0,table-0587-651,1.0,0.43741157757480936,smarttable
53,Q0,table-0587-650,2.0,0.36397265051958505,smarttable
53,Q0,table-0047-972,3.0,0.32517989201085823,smarttable
53,Q0,table-0884-669,4.0,0.23809661793871015,smarttable
53,Q0,table-0925-47,5.0,0.22978391921415406,smarttable
53,Q0,table-0033-586,6.0,0.21978810128354892,smarttable
53,Q0,table-0898-31,7.0,0.21565305251557473,smarttable
53,Q0,table-0922-563,8.0,0.21097746041399237,smarttable
53,Q0,table-0107-335,9.0,0.21097746041399237,smarttable
53,Q0,table-0804-919,10.0,0.19785670090844432,smarttable
53,Q0,table-1349-522,11.0,0.19106366772996375,smarttable
53,Q0,table-0387-180,12.0,0.18354712075332147,smarttable
53,Q0,table-1488-50,13.0,0.17395254309566646,smarttable
53,Q0,table-0008-735,14.0,0.13102622904844147,smarttable
53,Q0,table-0729-39,15.0,0.13070953900712376,smarttable
54,Q0,table-0539-829,1.0,0.6953123597160535,smarttable
54,Q0,table-0090-631,2.0,0.5586105590500329,smarttable
54,Q0,table-1464-414,3.0,0.5100833656042515,smarttable
54,Q0,table-0132-894,4.0,0.4902835709585691,smarttable
54,Q0,table-1634-953,5.0,0.48705387356259,smarttable
54,Q0,table-0808-501,6.0,0.4645630879124049,smarttable
54,Q0,table-1424-670,7.0,0.432794260833129,smarttable
54,Q0,table-0424-518,8.0,0.3759051481828894,smarttable
54,Q0,table-1625-997,9.0,0.3671180457923428,smarttable
54,Q0,table-1273-502,10.0,0.3671180457923428,smarttable
54,Q0,table-0269-965,11.0,0.34560618253170067,smarttable
54,Q0,table-1621-444,12.0,0.3327768542493135,smarttable
54,Q0,table-1271-941,13.0,0.3327768542493135,smarttable
54,Q0,table-1129-534,14.0,0.3327768542493135,smarttable
54,Q0,table-1607-736,15.0,0.3327768542493135,smarttable
55,Q0,table-0594-743,1.0,0.6227285876689601,smarttable
55,Q0,table-0253-421,2.0,0.5927651685784127,smarttable
55,Q0,table-1265-769,3.0,0.5121836017348629,smarttable
55,Q0,table-1531-703,4.0,0.5121047816305249,smarttable
55,Q0,table-0905-211,5.0,0.5052179713207499,smarttable
55,Q0,table-0634-466,6.0,0.501559514927707,smarttable
55,Q0,table-0510-564,7.0,0.4976898436867092,smarttable
55,Q0,table-1370-150,8.0,0.4895429587341565,smarttable
55,Q0,table-0905-212,9.0,0.48471863029511486,smarttable
55,Q0,table-0259-714,10.0,0.4800064649677783,smarttable
55,Q0,table-1370-151,11.0,0.47696835129565524,smarttable
55,Q0,table-1370-149,12.0,0.47440228468268947,smarttable
55,Q0,table-1370-152,13.0,0.466767700289665,smarttable
55,Q0,table-0480-973,14.0,0.461323471429486,smarttable
55,Q0,table-1611-612,15.0,0.43853504008146055,smarttable
56,Q0,table-0546-964,1.0,0.5609819254029003,smarttable
56,Q0,table-1559-591,2.0,0.5274293702261724,smarttable
56,Q0,table-1114-461,3.0,0.47191951711729746,smarttable
56,Q0,table-1450-964,4.0,0.46115314319972706,smarttable
56,Q0,table-1265-636,5.0,0.45479584624323727,smarttable
56,Q0,table-0805-12,6.0,0.43003315390801006,smarttable
56,Q0,table-0798-22,7.0,0.42868223831114777,smarttable
56,Q0,table-0548-554,8.0,0.3894564434500918,smarttable
56,Q0,table-0546-963,9.0,0.3750344100539118,smarttable
56,Q0,table-1479-565,10.0,0.3729340377666118,smarttable
56,Q0,table-0514-268,11.0,0.3534440015407646,smarttable
56,Q0,table-1448-80,12.0,0.33476987335794106,smarttable
56,Q0,table-0514-315,13.0,0.3334288591060502,smarttable
56,Q0,table-0546-965,14.0,0.3334288591060502,smarttable
56,Q0,table-1510-622,15.0,0.3062086327678812,smarttable
57,Q0,table-0211-555,1.0,0.6633148969445875,smarttable
57,Q0,table-1356-645,2.0,0.6019517403374738,smarttable
57,Q0,table-0838-403,3.0,0.5312247796527819,smarttable
57,Q0,table-0895-528,4.0,0.5140879208008395,smarttable
57,Q0,table-1547-841,5.0,0.5140879208008395,smarttable
57,Q0,table-1542-271,6.0,0.4824128230673881,smarttable
57,Q0,table-0507-188,7.0,0.45029887100230187,smarttable
57,Q0,table-0760-684,8.0,0.4454823249938748,smarttable
57,Q0,table-0062-134,9.0,0.43612315110338934,smarttable
57,Q0,table-1421-84,10.0,0.430336986011305,smarttable
57,Q0,table-0838-400,11.0,0.41729357150472174,smarttable
57,Q0,table-0834-347,12.0,0.4161939105230944,smarttable
57,Q0,table-1098-540,13.0,0.41400897566486816,smarttable
57,Q0,table-0144-708,14.0,0.40792869293580997,smarttable
57,Q0,table-0907-558,15.0,0.4026573001305498,smarttable
58,Q0,table-1606-648,1.0,0.6061937614800661,smarttable
58,Q0,table-1573-376,2.0,0.587036345012447,smarttable
58,Q0,table-0066-732,3.0,0.587036345012447,smarttable
58,Q0,table-0066-738,4.0,0.587036345012447,smarttable
58,Q0,table-0921-670,5.0,0.587036345012447,smarttable
58,Q0,table-1648-492,6.0,0.587036345012447,smarttable
58,Q0,table-1598-404,7.0,0.587036345012447,smarttable
58,Q0,table-1516-940,8.0,0.587036345012447,smarttable
58,Q0,table-0146-957,9.0,0.587036345012447,smarttable
58,Q0,table-0306-263,10.0,0.587036345012447,smarttable
58,Q0,table-0127-751,11.0,0.587036345012447,smarttable
58,Q0,table-1615-763,12.0,0.587036345012447,smarttable
58,Q0,table-1025-163,13.0,0.587036345012447,smarttable
58,Q0,table-0232-342,14.0,0.587036345012447,smarttable
58,Q0,table-1337-950,15.0,0.587036345012447,smarttable
59,Q0,table-1264-76,1.0,0.6318256784075241,smarttable
59,Q0,table-1219-20,2.0,0.4292539717155776,smarttable
59,Q0,table-1524-552,3.0,0.4209714166253112,smarttable
59,Q0,table-1421-433,4.0,0.4209714166253112,smarttable
59,Q0,table-1421-438,5.0,0.4209714166253112,smarttable
59,Q0,table-0043-587,6.0,0.4209714166253112,smarttable
59,Q0,table-1437-680,7.0,0.37683171084772604,smarttable
59,Q0,table-1384-963,8.0,0.33059088746587756,smarttable
59,Q0,table-1542-143,9.0,0.30782436258418616,smarttable
59,Q0,table-0508-570,10.0,0.29497849824937444,smarttable
59,Q0,table-0983-581,11.0,0.29497849824937444,smarttable
59,Q0,table-0111-196,12.0,0.29497849824937444,smarttable
59,Q0,table-0151-850,13.0,0.280563284708952,smarttable
59,Q0,table-0177-367,14.0,0.280563284708952,smarttable
59,Q0,table-0801-851,15.0,0.27540621335080534,smarttable
60,Q0,table-1604-834,1.0,0.5196902623510147,smarttable
60,Q0,table-0379-27,2.0,0.4710294488956473,smarttable
60,Q0,table-1353-328,3.0,0.4710294488956473,smarttable
60,Q0,table-1464-4,4.0,0.4710294488956473,smarttable
60,Q0,table-1568-191,5.0,0.46930203915323215,smarttable
60,Q0,table-1052-535,6.0,0.46930203915323215,smarttable
60,Q0,table-1279-578,7.0,0.4614226077011875,smarttable
60,Q0,table-0902-57,8.0,0.42295083357404106,smarttable
60,Q0,table-0249-823,9.0,0.41064391104803466,smarttable
60,Q0,table-1577-496,10.0,0.3946385905932347,smarttable
60,Q0,table-0604-281,11.0,0.35479076782025737,smarttable
60,Q0,table-1052-957,12.0,0.3528131211926307,smarttable
60,Q0,table-0631-733,13.0,0.32925307675268184,smarttable
60,Q0,table-0658-49,14.0,0.32925307675268184,smarttable
60,Q0,table-0632-243,15.0,0.3216741047755431,smarttable
