1,Q0,table-0552-510,1,23.005885555081907,BM25F
1,Q0,table-1000-57,2,19.728723550685203,BM25F
1,Q0,table-0875-680,3,19.39362527503267,BM25F
1,Q0,table-1020-619,4,17.749793593598746,BM25F
1,Q0,table-0377-686,5,17.401426361300693,BM25F
1,Q0,table-0370-614,6,16.72628160632018,BM25F
1,Q0,table-0288-531,7,15.973010594172107,BM25F
1,Q0,table-0288-530,8,15.973010594172107,BM25F
1,Q0,table-0707-517,9,15.47631541470405,BM25F
1,Q0,table-0554-923,10,15.307094981635219,BM25F
1,Q0,table-0189-66,11,14.993251171897384,BM25F
1,Q0,table-0533-191,12,14.831587637379945,BM25F
1,Q0,table-0507-876,13,14.831587637379945,BM25F
1,Q0,table-0997-806,14,14.748629202563574,BM25F
1,Q0,table-0998-43,15,14.748629202563574,BM25F
1,Q0,table-0998-240,16,14.748629202563574,BM25F
1,Q0,table-0998-242,17,14.748629202563574,BM25F
1,Q0,table-0552-511,18,14.520499480227263,BM25F
1,Q0,table-0037-411,19,13.88119394692011,BM25F
1,Q0,table-1042-895,20,13.805137227724142,BM25F
2,Q0,table-0938-613,1,23.792856091907318,BM25F
2,Q0,table-1047-153,2,23.345216871189507,BM25F
2,Q0,table-0511-959,3,22.600340303940676,BM25F
2,Q0,table-1578-197,4,22.543183051458804,BM25F
2,Q0,table-1038-905,5,22.36193247337433,BM25F
2,Q0,table-1064-381,6,21.899594624652032,BM25F
2,Q0,table-1064-455,7,21.899594624652032,BM25F
2,Q0,table-0938-612,8,21.86875683530395,BM25F
2,Q0,table-0517-363,9,21.53529697914565,BM25F
2,Q0,table-0891-125,10,21.53529697914565,BM25F
2,Q0,table-1047-58,11,21.449396829328393,BM25F
2,Q0,table-1047-143,12,21.3758980665759,BM25F
2,Q0,table-1047-140,13,21.3758980665759,BM25F
2,Q0,table-0620-231,14,21.05051939323495,BM25F
2,Q0,table-0530-747,15,21.05051939323495,BM25F
2,Q0,table-0092-846,16,21.05051939323495,BM25F
2,Q0,table-0379-471,17,20.742509747474788,BM25F
2,Q0,table-1408-870,18,20.687243093958863,BM25F
2,Q0,table-0367-57,19,20.59717256475536,BM25F
2,Q0,table-0552-593,20,20.59717256475536,BM25F
3,Q0,table-0928-773,1,22.217779718191274,BM25F
3,Q0,table-1209-300,2,20.928661766484804,BM25F
3,Q0,table-0110-38,3,20.311633811753474,BM25F
3,Q0,table-1245-278,4,17.542176827092547,BM25F
3,Q0,table-1435-370,5,14.864044694443105,BM25F
3,Q0,table-0100-835,6,13.4933261930451,BM25F
3,Q0,table-0100-833,7,13.4933261930451,BM25F
3,Q0,table-0100-834,8,13.4933261930451,BM25F
3,Q0,table-0564-300,9,12.017225845900501,BM25F
3,Q0,table-1254-979,10,11.383138430831245,BM25F
3,Q0,table-0990-862,11,11.193791137716154,BM25F
3,Q0,table-1275-187,12,10.91780855010603,BM25F
3,Q0,table-0483-357,13,10.804141431091535,BM25F
3,Q0,table-1546-808,14,10.700144065004235,BM25F
3,Q0,table-0695-982,15,10.633625530793182,BM25F
3,Q0,table-0459-41,16,10.12826717420099,BM25F
3,Q0,table-0312-107,17,10.00713740778956,BM25F
3,Q0,table-0007-837,18,9.7444232460159,BM25F
3,Q0,table-0735-908,19,9.688137377693318,BM25F
3,Q0,table-1410-164,20,9.128951553887058,BM25F
4,Q0,table-1511-87,1,16.57227635345236,BM25F
4,Q0,table-1417-148,2,15.889857321201683,BM25F
4,Q0,table-1417-141,3,15.635358247415011,BM25F
4,Q0,table-1417-149,4,15.04575592611786,BM25F
4,Q0,table-1417-138,5,15.04575592611786,BM25F
4,Q0,table-1417-136,6,14.99433971344772,BM25F
4,Q0,table-1417-135,7,14.951470177983465,BM25F
4,Q0,table-1417-137,8,14.749092620374329,BM25F
4,Q0,table-1417-147,9,14.431620742748095,BM25F
4,Q0,table-1417-140,10,14.400063163776007,BM25F
4,Q0,table-1417-146,11,14.377119912137838,BM25F
4,Q0,table-1417-143,12,14.377119912137838,BM25F
4,Q0,table-1417-134,13,14.377119912137838,BM25F
4,Q0,table-1417-144,14,14.310219215164153,BM25F
4,Q0,table-1511-82,15,14.238717005975426,BM25F
4,Q0,table-1511-85,16,14.238717005975426,BM25F
4,Q0,table-1511-80,17,14.238717005975426,BM25F
4,Q0,table-1511-81,18,14.238717005975426,BM25F
4,Q0,table-1511-78,19,14.238717005975426,BM25F
4,Q0,table-1511-77,20,14.238717005975426,BM25F
5,Q0,table-1530-281,1,19.824770858685962,BM25F
5,Q0,table-0452-375,2,18.612945975355238,BM25F
5,Q0,table-0600-601,3,13.723563304107842,BM25F
5,Q0,table-1444-333,4,13.104125152700492,BM25F
5,Q0,table-1038-539,5,12.664177187590523,BM25F
5,Q0,table-1647-516,6,12.360439096851024,BM25F
5,Q0,table-0279-851,7,12.3432740533975,BM25F
5,Q0,table-1502-478,8,12.270098266031477,BM25F
5,Q0,table-1421-59,9,12.26696008522078,BM25F
5,Q0,table-0094-799,10,12.264257972622032,BM25F
5,Q0,table-0702-591,11,12.171641286247427,BM25F
5,Q0,table-1264-72,12,12.134329578548577,BM25F
5,Q0,table-1456-444,13,11.985810367662008,BM25F
5,Q0,table-0986-401,14,11.841728780899036,BM25F
5,Q0,table-1499-275,15,11.698729813266691,BM25F
5,Q0,table-1513-956,16,11.448202156523362,BM25F
5,Q0,table-1412-411,17,11.319078188335327,BM25F
5,Q0,table-1579-1000,18,11.271833248885825,BM25F
5,Q0,table-0600-606,19,10.868308368776649,BM25F
5,Q0,table-0600-604,20,10.868308368776649,BM25F
6,Q0,table-1588-343,1,24.557308193005674,BM25F
6,Q0,table-1495-660,2,22.256478774361227,BM25F
6,Q0,table-1495-661,3,21.71968108028657,BM25F
6,Q0,table-1280-419,4,21.640872271993253,BM25F
6,Q0,table-1370-780,5,19.61728936861703,BM25F
6,Q0,table-0349-707,6,17.332272388081794,BM25F
6,Q0,table-0008-994,7,16.36083770515669,BM25F
6,Q0,table-0386-340,8,15.979088928532082,BM25F
6,Q0,table-1327-739,9,14.991246491210521,BM25F
6,Q0,table-1008-856,10,13.782066172054055,BM25F
6,Q0,table-0402-824,11,13.44100467254109,BM25F
6,Q0,table-0149-220,12,13.02948893671432,BM25F
6,Q0,table-0135-490,13,13.008110158321927,BM25F
6,Q0,table-1506-649,14,12.973013066571305,BM25F
6,Q0,table-0878-982,15,12.947484766261494,BM25F
6,Q0,table-1393-929,16,12.8924455933122,BM25F
6,Q0,table-1464-266,17,12.676779063654138,BM25F
6,Q0,table-0088-509,18,12.625227177556626,BM25F
6,Q0,table-1631-532,19,12.592015283609529,BM25F
6,Q0,table-1578-829,20,12.389110477650263,BM25F
7,Q0,table-0453-280,1,20.626106230540238,BM25F
7,Q0,table-1492-675,2,20.410206639902015,BM25F
7,Q0,table-0776-561,3,19.28401324981047,BM25F
7,Q0,table-1344-229,4,19.22067027132413,BM25F
7,Q0,table-0592-701,5,19.165478737053732,BM25F
7,Q0,table-1460-510,6,18.965361690638257,BM25F
7,Q0,table-1646-24,7,18.792704458061994,BM25F
7,Q0,table-0155-146,8,18.49942916685627,BM25F
7,Q0,table-1056-349,9,18.235553453351393,BM25F
7,Q0,table-1437-805,10,18.185890872262007,BM25F
7,Q0,table-0033-959,11,18.185890872262007,BM25F
7,Q0,table-1219-416,12,18.074894224101957,BM25F
7,Q0,table-0692-77,13,17.763088481433826,BM25F
7,Q0,table-1420-90,14,17.763088481433826,BM25F
7,Q0,table-0678-625,15,17.763088481433826,BM25F
7,Q0,table-1420-89,16,17.763088481433826,BM25F
7,Q0,table-1417-774,17,16.963507076866332,BM25F
7,Q0,table-0453-279,18,16.89682729547671,BM25F
7,Q0,table-1211-1000,19,16.89682729547671,BM25F
7,Q0,table-0517-282,20,16.601979901741903,BM25F
8,Q0,table-1358-28,1,22.543711509522087,BM25F
8,Q0,table-0044-50,2,19.799995574938116,BM25F
8,Q0,table-0176-187,3,18.67420107707701,BM25F
8,Q0,table-0145-207,4,17.396408940907097,BM25F
8,Q0,table-1389-264,5,15.196108440579199,BM25F
8,Q0,table-1388-136,6,14.40545511119743,BM25F
8,Q0,table-1389-263,7,14.296183018839203,BM25F
8,Q0,table-1610-48,8,13.933990470336948,BM25F
8,Q0,table-1509-515,9,13.71878583328708,BM25F
8,Q0,table-1389-262,10,10.467770739978503,BM25F
8,Q0,table-0633-54,11,9.073296927567517,BM25F
8,Q0,table-0461-640,12,9.015360958731339,BM25F
8,Q0,table-0931-697,13,8.868931838012395,BM25F
8,Q0,table-1310-1,14,8.853353369233899,BM25F
8,Q0,table-0393-510,15,8.767825239477554,BM25F
8,Q0,table-1009-917,16,8.746522456242024,BM25F
8,Q0,table-0363-804,17,8.647357489045461,BM25F
8,Q0,table-0383-873,18,8.647357489045461,BM25F
8,Q0,table-0633-57,19,8.540603989115999,BM25F
8,Q0,table-0316-849,20,8.531423054558026,BM25F
9,Q0,table-0601-200,1,24.229571785866035,BM25F
9,Q0,table-1619-337,2,18.25687988313737,BM25F
9,Q0,table-0601-199,3,15.690669246667872,BM25F
9,Q0,table-1619-336,4,15.437712996646376,BM25F
9,Q0,table-0371-315,5,15.16492590886732,BM25F
9,Q0,table-0601-201,6,13.14759724263245,BM25F
9,Q0,table-1415-938,7,11.858805787435399,BM25F
9,Q0,table-1286-2,8,11.71601684668402,BM25F
9,Q0,table-1276-195,9,11.71601684668402,BM25F
9,Q0,table-0430-782,10,11.3184627572332,BM25F
9,Q0,table-0824-357,11,11.247371495412095,BM25F
9,Q0,table-0550-41,12,10.871227700401237,BM25F
9,Q0,table-0585-98,13,10.871227700401237,BM25F
9,Q0,table-1628-214,14,10.871227700401237,BM25F
9,Q0,table-0538-779,15,10.871227700401237,BM25F
9,Q0,table-0336-541,16,10.871227700401237,BM25F
9,Q0,table-0383-921,17,10.871227700401237,BM25F
9,Q0,table-0371-314,18,10.717927662993416,BM25F
9,Q0,table-0731-979,19,10.65434478741907,BM25F
9,Q0,table-0471-463,20,10.138632230213148,BM25F
10,Q0,table-0152-596,1,21.63455712056266,BM25F
10,Q0,table-1384-649,2,21.286711508180773,BM25F
10,Q0,table-1384-652,3,20.372300856805506,BM25F
10,Q0,table-0791-274,4,17.947133029488157,BM25F
10,Q0,table-1384-653,5,14.60930791965628,BM25F
10,Q0,table-1384-654,6,14.60930791965628,BM25F
10,Q0,table-0984-275,7,14.583013258309196,BM25F
10,Q0,table-1003-767,8,10.673352755786231,BM25F
10,Q0,table-1098-252,9,10.313705046626628,BM25F
10,Q0,table-1322-966,10,10.072132287725202,BM25F
10,Q0,table-1091-421,11,9.904570744169835,BM25F
10,Q0,table-0771-8,12,9.714829388497915,BM25F
10,Q0,table-1522-309,13,9.714829388497915,BM25F
10,Q0,table-0594-686,14,9.714829388497915,BM25F
10,Q0,table-1389-262,15,9.51931591071746,BM25F
10,Q0,table-0547-658,16,9.50150800633861,BM25F
10,Q0,table-0201-222,17,9.495752076092,BM25F
10,Q0,table-1412-182,18,9.297353691267137,BM25F
10,Q0,table-1291-440,19,9.274983885132682,BM25F
10,Q0,table-1482-885,20,7.9336257952835005,BM25F
11,Q0,table-0891-868,1,19.66086806590485,BM25F
11,Q0,table-0891-869,2,18.73824096995623,BM25F
11,Q0,table-1264-72,3,15.801039931209214,BM25F
11,Q0,table-1297-412,4,14.08610146794236,BM25F
11,Q0,table-1310-1,5,13.874663912691572,BM25F
11,Q0,table-0600-600,6,13.015380137838495,BM25F
11,Q0,table-1385-549,7,12.986569079136126,BM25F
11,Q0,table-1633-834,8,12.222548632606934,BM25F
11,Q0,table-0179-26,9,10.699464248539662,BM25F
11,Q0,table-1383-130,10,10.432157331712972,BM25F
11,Q0,table-1376-554,11,10.299406482786251,BM25F
11,Q0,table-1283-492,12,9.861122700938486,BM25F
11,Q0,table-1579-543,13,9.861122700938486,BM25F
11,Q0,table-1527-7,14,9.59241480222438,BM25F
11,Q0,table-1196-415,15,9.562244980100019,BM25F
11,Q0,table-1111-100,16,9.562244980100019,BM25F
11,Q0,table-0313-781,17,9.562244980100019,BM25F
11,Q0,table-1196-913,18,9.562244980100019,BM25F
11,Q0,table-0279-349,19,9.531338971707907,BM25F
11,Q0,table-0307-832,20,9.531338971707907,BM25F
12,Q0,table-1315-700,1,13.348847206303168,BM25F
12,Q0,table-1520-40,2,12.075433693661179,BM25F
12,Q0,table-1653-388,3,11.981072039961242,BM25F
12,Q0,table-0274-337,4,11.841728780899036,BM25F
12,Q0,table-1154-432,5,11.548772886940313,BM25F
12,Q0,table-0146-574,6,11.027458697579187,BM25F
12,Q0,table-0508-705,7,9.858483587570499,BM25F
12,Q0,table-0029-940,8,9.83160512857682,BM25F
12,Q0,table-0016-922,9,8.765310372621293,BM25F
12,Q0,table-0159-635,10,8.765310372621293,BM25F
12,Q0,table-0146-573,11,8.765310372621293,BM25F
12,Q0,table-1420-566,12,8.765310372621293,BM25F
12,Q0,table-1596-10,13,8.765310372621293,BM25F
12,Q0,table-0012-373,14,8.765310372621293,BM25F
12,Q0,table-0202-593,15,8.39139987476765,BM25F
12,Q0,table-0046-647,16,8.083762847866232,BM25F
12,Q0,table-0017-770,17,7.9336257952835005,BM25F
12,Q0,table-1016-408,18,7.652992205735599,BM25F
12,Q0,table-0831-904,19,7.238523766467054,BM25F
12,Q0,table-0077-563,20,7.238523766467054,BM25F
13,Q0,table-1036-133,1,20.0660740084209,BM25F
13,Q0,table-1647-839,2,19.549161148183593,BM25F
13,Q0,table-1604-677,3,19.37716063239131,BM25F
13,Q0,table-0072-231,4,17.87325746548679,BM25F
13,Q0,table-0686-862,5,17.68546511859534,BM25F
13,Q0,table-1640-284,6,17.479183429412913,BM25F
13,Q0,table-1243-683,7,17.429601626209816,BM25F
13,Q0,table-1365-737,8,17.13100782059888,BM25F
13,Q0,table-1389-782,9,16.680598756435106,BM25F
13,Q0,table-1545-121,10,16.11375410115052,BM25F
13,Q0,table-0610-56,11,15.841607907921395,BM25F
13,Q0,table-0311-393,12,15.496370193371897,BM25F
13,Q0,table-0311-394,13,15.346404948173141,BM25F
13,Q0,table-1447-381,14,15.052647402181591,BM25F
13,Q0,table-1602-178,15,14.775725479700508,BM25F
13,Q0,table-1602-180,16,14.775725479700508,BM25F
13,Q0,table-0129-161,17,14.718748165953471,BM25F
13,Q0,table-0263-444,18,14.618043969398693,BM25F
13,Q0,table-1446-338,19,13.730411524507945,BM25F
13,Q0,table-0559-42,20,13.730411524507945,BM25F
14,Q0,table-1579-543,1,15.246179674156538,BM25F
14,Q0,table-1281-687,2,14.758840099829243,BM25F
14,Q0,table-1344-665,3,14.43205471448764,BM25F
14,Q0,table-0352-129,4,14.329435896159813,BM25F
14,Q0,table-1023-380,5,14.329435896159813,BM25F
14,Q0,table-1569-906,6,11.823113142053653,BM25F
14,Q0,table-0534-18,7,10.561885785888059,BM25F
14,Q0,table-1349-928,8,10.52974401096305,BM25F
14,Q0,table-1553-694,9,10.327829651043688,BM25F
14,Q0,table-0468-712,10,10.26441452161557,BM25F
14,Q0,table-1447-122,11,10.249286169543975,BM25F
14,Q0,table-0833-422,12,10.102983111589175,BM25F
14,Q0,table-0833-423,13,10.102983111589175,BM25F
14,Q0,table-1277-861,14,10.026121919229519,BM25F
14,Q0,table-1361-950,15,9.759655280013723,BM25F
14,Q0,table-1277-865,16,9.7302784503099,BM25F
14,Q0,table-1012-862,17,9.722457809868422,BM25F
14,Q0,table-1012-845,18,9.722457809868422,BM25F
14,Q0,table-1390-315,19,9.493950699031966,BM25F
14,Q0,table-1230-725,20,9.112167609405786,BM25F
15,Q0,table-0352-848,1,20.300400153275078,BM25F
15,Q0,table-1107-806,2,19.52836604736838,BM25F
15,Q0,table-0842-845,3,18.232882991767347,BM25F
15,Q0,table-1413-648,4,17.13673257888742,BM25F
15,Q0,table-1413-655,5,16.10297708677427,BM25F
15,Q0,table-0312-74,6,15.841886312556806,BM25F
15,Q0,table-0312-67,7,15.841886312556806,BM25F
15,Q0,table-0312-4,8,15.841886312556806,BM25F
15,Q0,table-0312-31,9,15.841886312556806,BM25F
15,Q0,table-0312-44,10,15.841886312556806,BM25F
15,Q0,table-0312-62,11,15.841886312556806,BM25F
15,Q0,table-0312-53,12,15.841886312556806,BM25F
15,Q0,table-0312-46,13,15.841886312556806,BM25F
15,Q0,table-0311-996,14,15.841886312556806,BM25F
15,Q0,table-0312-48,15,15.841886312556806,BM25F
15,Q0,table-0312-70,16,15.841886312556806,BM25F
15,Q0,table-0312-45,17,15.841886312556806,BM25F
15,Q0,table-0312-60,18,15.841886312556806,BM25F
15,Q0,table-0312-63,19,15.841886312556806,BM25F
15,Q0,table-0960-733,20,15.553974818768882,BM25F
16,Q0,table-0091-144,1,18.948115852670043,BM25F
16,Q0,table-0123-682,2,17.460436955524287,BM25F
16,Q0,table-1108-894,3,16.8927953109814,BM25F
16,Q0,table-0290-4,4,16.8927953109814,BM25F
16,Q0,table-1441-100,5,16.810952013056895,BM25F
16,Q0,table-0172-991,6,16.408234233269344,BM25F
16,Q0,table-0687-978,7,16.39758851883646,BM25F
16,Q0,table-0919-458,8,15.018606120072715,BM25F
16,Q0,table-1180-888,9,15.018606120072715,BM25F
16,Q0,table-0327-289,10,14.779499278153736,BM25F
16,Q0,table-1375-531,11,13.256286511440122,BM25F
16,Q0,table-0056-298,12,11.771683162331499,BM25F
16,Q0,table-0521-373,13,11.548526493923255,BM25F
16,Q0,table-0190-739,14,11.548526493923255,BM25F
16,Q0,table-1007-407,15,11.432222116920457,BM25F
16,Q0,table-0401-729,16,10.925594524119788,BM25F
16,Q0,table-1627-93,17,10.86431117879772,BM25F
16,Q0,table-0630-761,18,10.86431117879772,BM25F
16,Q0,table-0889-1,19,10.86431117879772,BM25F
16,Q0,table-1626-838,20,10.860153411572918,BM25F
17,Q0,table-0087-619,1,24.400732962734104,BM25F
17,Q0,table-1027-78,2,23.210027124371692,BM25F
17,Q0,table-0160-841,3,21.980252826442296,BM25F
17,Q0,table-0610-865,4,20.96394941496534,BM25F
17,Q0,table-1571-18,5,20.87861654528936,BM25F
17,Q0,table-1358-6,6,20.381058192496045,BM25F
17,Q0,table-1216-304,7,19.56917010662206,BM25F
17,Q0,table-0140-687,8,19.496925401001295,BM25F
17,Q0,table-1027-79,9,17.947772023378437,BM25F
17,Q0,table-1365-564,10,17.790761828049725,BM25F
17,Q0,table-0994-146,11,17.63641766501989,BM25F
17,Q0,table-1309-776,12,17.572536935373765,BM25F
17,Q0,table-1258-777,13,17.56400682989632,BM25F
17,Q0,table-1007-884,14,17.56095964710419,BM25F
17,Q0,table-0653-392,15,17.25491496585827,BM25F
17,Q0,table-0677-684,16,17.130864080706793,BM25F
17,Q0,table-1564-931,17,17.125137348613492,BM25F
17,Q0,table-0313-519,18,16.967195876360684,BM25F
17,Q0,table-0349-674,19,16.865500902052958,BM25F
17,Q0,table-0160-842,20,16.539707004805553,BM25F
18,Q0,table-0871-314,1,17.085071854318045,BM25F
18,Q0,table-1515-871,2,16.643932362329913,BM25F
18,Q0,table-0587-437,3,16.11880266327813,BM25F
18,Q0,table-0650-177,4,14.024954737140064,BM25F
18,Q0,table-0024-850,5,13.28004270337935,BM25F
18,Q0,table-0024-849,6,13.28004270337935,BM25F
18,Q0,table-0024-852,7,13.28004270337935,BM25F
18,Q0,table-0024-851,8,13.28004270337935,BM25F
18,Q0,table-0650-179,9,13.130392717829693,BM25F
18,Q0,table-0650-178,10,12.515335469774609,BM25F
18,Q0,table-0650-180,11,12.515335469774609,BM25F
18,Q0,table-0493-911,12,11.092997009321548,BM25F
18,Q0,table-1134-978,13,10.804541444056573,BM25F
18,Q0,table-1134-830,14,10.804541444056573,BM25F
18,Q0,table-0176-451,15,10.614013804606866,BM25F
18,Q0,table-0884-202,16,10.185222612359023,BM25F
18,Q0,table-0066-738,17,9.716865442654665,BM25F
18,Q0,table-0016-922,18,9.716865442654665,BM25F
18,Q0,table-0066-732,19,9.716865442654665,BM25F
18,Q0,table-1163-329,20,9.716865442654665,BM25F
19,Q0,table-0009-819,1,21.721555230826077,BM25F
19,Q0,table-1453-183,2,19.119966343508878,BM25F
19,Q0,table-0837-242,3,14.741870257125406,BM25F
19,Q0,table-1407-963,4,14.214494126687839,BM25F
19,Q0,table-1511-448,5,12.77046797312404,BM25F
19,Q0,table-0904-852,6,12.73845564645295,BM25F
19,Q0,table-0914-101,7,12.520995685705364,BM25F
19,Q0,table-1604-500,8,12.36110636883083,BM25F
19,Q0,table-1593-160,9,12.173243445260045,BM25F
19,Q0,table-0853-133,10,12.009698593015099,BM25F
19,Q0,table-0090-107,11,11.972590228767757,BM25F
19,Q0,table-0695-982,12,11.91606200249999,BM25F
19,Q0,table-1535-121,13,11.789212420204379,BM25F
19,Q0,table-0009-911,14,11.690820104002357,BM25F
19,Q0,table-1393-11,15,11.690820104002357,BM25F
19,Q0,table-1605-522,16,11.572542669392515,BM25F
19,Q0,table-0836-301,17,11.329834332337015,BM25F
19,Q0,table-0836-302,18,11.329834332337015,BM25F
19,Q0,table-0543-163,19,11.130588898287206,BM25F
19,Q0,table-1453-180,20,11.11136909829711,BM25F
20,Q0,table-1531-714,1,21.30153836079287,BM25F
20,Q0,table-1628-971,2,21.22403577267954,BM25F
20,Q0,table-0552-212,3,20.823966402642508,BM25F
20,Q0,table-0552-213,4,20.823966402642508,BM25F
20,Q0,table-0636-282,5,20.818434985415735,BM25F
20,Q0,table-1323-212,6,20.689247624536975,BM25F
20,Q0,table-0202-12,7,18.236143950183937,BM25F
20,Q0,table-1531-715,8,18.183388608416074,BM25F
20,Q0,table-1051-457,9,17.787500694066736,BM25F
20,Q0,table-1525-977,10,17.390303974133644,BM25F
20,Q0,table-1628-972,11,17.022640857631806,BM25F
20,Q0,table-1628-975,12,17.022640857631806,BM25F
20,Q0,table-1628-977,13,17.022640857631806,BM25F
20,Q0,table-1628-970,14,16.85529093070825,BM25F
20,Q0,table-1628-969,15,16.85529093070825,BM25F
20,Q0,table-1628-974,16,16.27398710194269,BM25F
20,Q0,table-0298-771,17,15.826022721029732,BM25F
20,Q0,table-1628-976,18,15.70049424319405,BM25F
20,Q0,table-1628-973,19,15.70049424319405,BM25F
20,Q0,table-0397-906,20,15.267448833891853,BM25F
21,Q0,table-1350-462,1,17.474231487431027,BM25F
21,Q0,table-0222-392,2,14.597626884609536,BM25F
21,Q0,table-1227-229,3,12.005459894946583,BM25F
21,Q0,table-0218-112,4,11.714383624924514,BM25F
21,Q0,table-0492-926,5,11.714383624924514,BM25F
21,Q0,table-0546-462,6,11.697173781408821,BM25F
21,Q0,table-0057-386,7,11.518620456212204,BM25F
21,Q0,table-0061-292,8,11.478269998864866,BM25F
21,Q0,table-0611-612,9,11.478269998864866,BM25F
21,Q0,table-1636-686,10,10.672448657216838,BM25F
21,Q0,table-0167-101,11,10.640219858544356,BM25F
21,Q0,table-1035-871,12,10.513872519120651,BM25F
21,Q0,table-0329-580,13,10.468653575022516,BM25F
21,Q0,table-1003-161,14,9.88589053011254,BM25F
21,Q0,table-1566-260,15,9.772428842169816,BM25F
21,Q0,table-1035-872,16,9.772428842169816,BM25F
21,Q0,table-0446-420,17,9.772428842169816,BM25F
21,Q0,table-0038-57,18,9.470636936097979,BM25F
21,Q0,table-0825-384,19,9.253875285196266,BM25F
21,Q0,table-0966-731,20,9.195979770958221,BM25F
22,Q0,table-0401-930,1,5.25848512967631,BM25F
23,Q0,table-1554-331,1,16.510560956149654,BM25F
23,Q0,table-1007-467,2,16.4553253471984,BM25F
23,Q0,table-1554-330,3,15.719153366435204,BM25F
23,Q0,table-0255-230,4,14.168428318287226,BM25F
23,Q0,table-0830-358,5,12.768350865828118,BM25F
23,Q0,table-1636-132,6,12.68155165480105,BM25F
23,Q0,table-0458-601,7,12.523028887442138,BM25F
23,Q0,table-0333-158,8,12.523028887442138,BM25F
23,Q0,table-0709-399,9,12.203564731402532,BM25F
23,Q0,table-0389-936,10,12.182128908506737,BM25F
23,Q0,table-0813-442,11,12.182128908506737,BM25F
23,Q0,table-1226-910,12,12.182128908506737,BM25F
23,Q0,table-0541-604,13,12.182128908506737,BM25F
23,Q0,table-1587-825,14,11.89868056273106,BM25F
23,Q0,table-0209-363,15,11.81452688115517,BM25F
23,Q0,table-1070-326,16,11.72765109480593,BM25F
23,Q0,table-0498-297,17,11.62717646505727,BM25F
23,Q0,table-1521-789,18,11.588498285668024,BM25F
23,Q0,table-1445-479,19,11.36492954433346,BM25F
23,Q0,table-0339-698,20,11.36492954433346,BM25F
24,Q0,table-1553-694,1,10.327829651043688,BM25F
24,Q0,table-0468-712,2,10.26441452161557,BM25F
24,Q0,table-1277-861,3,10.026121919229519,BM25F
24,Q0,table-1361-950,4,9.759655280013723,BM25F
24,Q0,table-1277-865,5,9.7302784503099,BM25F
24,Q0,table-0729-940,6,9.009191209724218,BM25F
24,Q0,table-1638-764,7,8.987849585086336,BM25F
24,Q0,table-1277-863,8,8.747279681388067,BM25F
24,Q0,table-0503-892,9,8.74074582913792,BM25F
24,Q0,table-0202-593,10,8.626269848509018,BM25F
24,Q0,table-1604-677,11,8.605924354258342,BM25F
24,Q0,table-0386-471,12,8.58797505887681,BM25F
24,Q0,table-1027-438,13,8.520823927268935,BM25F
24,Q0,table-0370-691,14,8.446305565496065,BM25F
24,Q0,table-0149-434,15,7.985009018994045,BM25F
24,Q0,table-1579-731,16,7.9826139615769,BM25F
24,Q0,table-1358-137,17,7.924554689678108,BM25F
24,Q0,table-1492-808,18,7.773949143367933,BM25F
24,Q0,table-0166-529,19,7.773949143367933,BM25F
24,Q0,table-1492-780,20,7.652121837443093,BM25F
25,Q0,table-1017-262,1,19.404644719458183,BM25F
25,Q0,table-0499-134,2,19.18459988747935,BM25F
25,Q0,table-1280-188,3,18.516312919376183,BM25F
25,Q0,table-0889-965,4,18.422096336497393,BM25F
25,Q0,table-0584-271,5,17.983030040043094,BM25F
25,Q0,table-1527-852,6,17.964330944094165,BM25F
25,Q0,table-1544-800,7,17.49828795060887,BM25F
25,Q0,table-1471-256,8,17.190487734271866,BM25F
25,Q0,table-0539-946,9,17.190487734271866,BM25F
25,Q0,table-0889-966,10,17.133522990822684,BM25F
25,Q0,table-0428-815,11,16.868460913834546,BM25F
25,Q0,table-1396-859,12,16.682093559733648,BM25F
25,Q0,table-0197-361,13,16.31079999771517,BM25F
25,Q0,table-0197-360,14,16.31079999771517,BM25F
25,Q0,table-0197-362,15,16.31079999771517,BM25F
25,Q0,table-1469-454,16,16.237195340327908,BM25F
25,Q0,table-0485-330,17,16.078120276642345,BM25F
25,Q0,table-0569-903,18,16.024089856404075,BM25F
25,Q0,table-0569-899,19,16.024089856404075,BM25F
25,Q0,table-0569-905,20,16.024089856404075,BM25F
26,Q0,table-1479-337,1,39.26506623501164,BM25F
26,Q0,table-0713-460,2,38.994891091106766,BM25F
26,Q0,table-0375-831,3,32.313716153718374,BM25F
26,Q0,table-0375-830,4,32.313716153718374,BM25F
26,Q0,table-0387-60,5,30.60093690319436,BM25F
26,Q0,table-1295-621,6,29.38395335442066,BM25F
26,Q0,table-0529-770,7,28.96824246671497,BM25F
26,Q0,table-0529-771,8,28.48107266184097,BM25F
26,Q0,table-0420-837,9,27.5490091796622,BM25F
26,Q0,table-0180-427,10,27.5490091796622,BM25F
26,Q0,table-0740-646,11,27.5490091796622,BM25F
26,Q0,table-1305-174,12,27.30635919862783,BM25F
26,Q0,table-0675-592,13,27.30635919862783,BM25F
26,Q0,table-0675-659,14,27.30635919862783,BM25F
26,Q0,table-0677-812,15,27.30635919862783,BM25F
26,Q0,table-0349-8,16,27.18011319530894,BM25F
26,Q0,table-0492-926,17,27.18011319530894,BM25F
26,Q0,table-0420-793,18,27.18011319530894,BM25F
26,Q0,table-0978-762,19,26.886957951796724,BM25F
26,Q0,table-0247-774,20,26.803827115400594,BM25F
27,Q0,table-0342-607,1,14.922225794328,BM25F
27,Q0,table-1069-625,2,12.984551888797068,BM25F
27,Q0,table-0033-259,3,12.889611898094119,BM25F
27,Q0,table-0349-811,4,12.889611898094119,BM25F
27,Q0,table-0642-956,5,12.737376456740444,BM25F
27,Q0,table-1424-449,6,12.34449757700992,BM25F
27,Q0,table-1222-493,7,11.3671109658687,BM25F
27,Q0,table-1222-495,8,11.3671109658687,BM25F
27,Q0,table-0610-22,9,11.366779681481853,BM25F
27,Q0,table-1397-842,10,11.264947900949906,BM25F
27,Q0,table-0012-931,11,10.798237812424691,BM25F
27,Q0,table-0296-506,12,10.632241499897988,BM25F
27,Q0,table-0610-21,13,10.482205202660598,BM25F
27,Q0,table-1493-257,14,10.437114313316302,BM25F
27,Q0,table-1258-760,15,10.12118957973657,BM25F
27,Q0,table-0804-475,16,9.786536189976333,BM25F
27,Q0,table-0804-473,17,9.786536189976333,BM25F
27,Q0,table-0552-599,18,9.766357808393412,BM25F
27,Q0,table-0007-924,19,9.519076836476476,BM25F
27,Q0,table-0498-296,20,9.488500015728572,BM25F
28,Q0,table-1548-900,1,21.530198012167872,BM25F
28,Q0,table-1117-80,2,16.799180586594638,BM25F
28,Q0,table-1116-768,3,16.799180586594638,BM25F
28,Q0,table-1117-4,4,16.799180586594638,BM25F
28,Q0,table-1116-904,5,15.226091856567948,BM25F
28,Q0,table-0050-517,6,13.94194368278501,BM25F
28,Q0,table-1320-478,7,12.39770820633877,BM25F
28,Q0,table-0769-303,8,12.22309408625101,BM25F
28,Q0,table-1163-329,9,12.035821671387696,BM25F
28,Q0,table-0230-966,10,11.801931729573093,BM25F
28,Q0,table-0104-408,11,11.478269998864866,BM25F
28,Q0,table-1472-114,12,11.478269998864866,BM25F
28,Q0,table-1458-711,13,11.478269998864866,BM25F
28,Q0,table-1607-162,14,10.61572554122736,BM25F
28,Q0,table-1571-795,15,10.45589256398059,BM25F
28,Q0,table-0709-400,16,10.451897435421493,BM25F
28,Q0,table-1478-737,17,10.129122197039422,BM25F
28,Q0,table-0833-571,18,10.011337061557903,BM25F
28,Q0,table-0065-817,19,9.553597939929926,BM25F
28,Q0,table-1455-264,20,9.470636936097979,BM25F
29,Q0,table-0357-725,1,16.09355393520366,BM25F
29,Q0,table-0427-705,2,16.09355393520366,BM25F
29,Q0,table-0356-842,3,16.09355393520366,BM25F
29,Q0,table-0427-703,4,16.09355393520366,BM25F
29,Q0,table-0355-422,5,16.09355393520366,BM25F
29,Q0,table-0427-720,6,16.09355393520366,BM25F
29,Q0,table-0428-118,7,16.09355393520366,BM25F
29,Q0,table-0428-156,8,16.09355393520366,BM25F
29,Q0,table-0358-30,9,16.09355393520366,BM25F
29,Q0,table-0355-804,10,16.09355393520366,BM25F
29,Q0,table-0355-972,11,16.09355393520366,BM25F
29,Q0,table-0356-174,12,16.09355393520366,BM25F
29,Q0,table-0356-511,13,16.09355393520366,BM25F
29,Q0,table-0428-136,14,16.09355393520366,BM25F
29,Q0,table-0356-611,15,16.09355393520366,BM25F
29,Q0,table-0428-148,16,16.09355393520366,BM25F
29,Q0,table-0357-944,17,16.09355393520366,BM25F
29,Q0,table-0357-260,18,16.09355393520366,BM25F
29,Q0,table-0357-162,19,16.09355393520366,BM25F
29,Q0,table-0357-364,20,16.09355393520366,BM25F
30,Q0,table-1000-972,1,17.980374836896743,BM25F
30,Q0,table-0971-924,2,13.500556605992177,BM25F
30,Q0,table-0010-999,3,12.503072092337632,BM25F
30,Q0,table-0779-303,4,12.1306475586242,BM25F
30,Q0,table-1576-435,5,12.104722755527277,BM25F
30,Q0,table-1444-126,6,11.957212231298342,BM25F
30,Q0,table-0571-533,7,11.779112773368885,BM25F
30,Q0,table-1444-13,8,11.587811345631774,BM25F
30,Q0,table-1445-868,9,11.536658897252057,BM25F
30,Q0,table-1012-982,10,11.52922740201802,BM25F
30,Q0,table-1576-434,11,11.52768139419479,BM25F
30,Q0,table-0962-415,12,11.52686371994763,BM25F
30,Q0,table-0246-812,13,11.447687815818425,BM25F
30,Q0,table-1512-23,14,11.268089266118368,BM25F
30,Q0,table-0277-66,15,11.022236063462737,BM25F
30,Q0,table-1529-626,16,10.74933123949416,BM25F
30,Q0,table-0008-100,17,10.74933123949416,BM25F
30,Q0,table-0068-913,18,10.747361305908473,BM25F
30,Q0,table-0779-302,19,10.596984342184687,BM25F
30,Q0,table-0852-367,20,10.444818786256763,BM25F
31,Q0,table-1549-983,1,24.53974520642459,BM25F
31,Q0,table-1550-209,2,22.770720674236287,BM25F
31,Q0,table-1550-207,3,22.29125974356155,BM25F
31,Q0,table-1550-206,4,21.838336622503796,BM25F
31,Q0,table-0151-848,5,20.53058830715042,BM25F
31,Q0,table-1625-503,6,20.36922104765228,BM25F
31,Q0,table-0151-840,7,20.199908011859577,BM25F
31,Q0,table-1627-2,8,20.12103136828491,BM25F
31,Q0,table-0151-847,9,20.056893632762858,BM25F
31,Q0,table-0202-113,10,20.029831523777645,BM25F
31,Q0,table-1551-19,11,19.23431019090343,BM25F
31,Q0,table-0803-130,12,19.13824381272099,BM25F
31,Q0,table-1550-202,13,18.96193692720212,BM25F
31,Q0,table-1244-685,14,18.931481394520826,BM25F
31,Q0,table-0583-846,15,18.837515304141363,BM25F
31,Q0,table-1565-710,16,18.74973239066288,BM25F
31,Q0,table-1550-196,17,18.46701642216683,BM25F
31,Q0,table-1551-35,18,18.38961973339031,BM25F
31,Q0,table-1594-912,19,18.38961973339031,BM25F
31,Q0,table-1550-999,20,18.38961973339031,BM25F
32,Q0,table-1577-566,1,19.86150397032616,BM25F
32,Q0,table-0092-585,2,17.745367771948196,BM25F
32,Q0,table-1615-399,3,15.66940407059218,BM25F
32,Q0,table-0450-575,4,15.277320577952839,BM25F
32,Q0,table-1250-616,5,13.076203314571295,BM25F
32,Q0,table-1598-564,6,12.567167663440141,BM25F
32,Q0,table-0263-897,7,12.408231607797413,BM25F
32,Q0,table-0420-88,8,12.077489382877431,BM25F
32,Q0,table-1547-176,9,12.02362677662886,BM25F
32,Q0,table-0356-493,10,11.998516726512374,BM25F
32,Q0,table-1090-435,11,11.739213288624518,BM25F
32,Q0,table-1421-186,12,11.708725004367828,BM25F
32,Q0,table-0972-522,13,11.61587066804251,BM25F
32,Q0,table-0174-290,14,11.326278777748758,BM25F
32,Q0,table-0625-421,15,11.151509747743305,BM25F
32,Q0,table-1547-182,16,10.896219507235767,BM25F
32,Q0,table-0038-987,17,10.896219507235767,BM25F
32,Q0,table-1604-743,18,10.813012391887932,BM25F
32,Q0,table-1450-964,19,10.667101398355642,BM25F
32,Q0,table-0144-887,20,10.504462561852913,BM25F
33,Q0,table-1249-780,1,10.758563522410181,BM25F
33,Q0,table-1453-697,2,10.736940791387415,BM25F
33,Q0,table-0215-300,3,10.593402420557682,BM25F
33,Q0,table-0787-879,4,10.488847709654529,BM25F
33,Q0,table-0800-191,5,10.437451013958508,BM25F
33,Q0,table-1585-588,6,10.060239315988458,BM25F
33,Q0,table-1391-524,7,9.953529901358712,BM25F
33,Q0,table-1391-525,8,9.87903909594713,BM25F
33,Q0,table-0259-373,9,9.861432948534869,BM25F
33,Q0,table-0152-679,10,9.861432948534869,BM25F
33,Q0,table-1649-778,11,9.861432948534869,BM25F
33,Q0,table-0153-339,12,9.861432948534869,BM25F
33,Q0,table-0401-152,13,9.861432948534869,BM25F
33,Q0,table-0293-211,14,9.861432948534869,BM25F
33,Q0,table-1647-680,15,9.829559938577487,BM25F
33,Q0,table-0837-624,16,9.829559938577487,BM25F
33,Q0,table-0791-515,17,9.829559938577487,BM25F
33,Q0,table-0015-303,18,9.829559938577487,BM25F
33,Q0,table-1468-870,19,9.829559938577487,BM25F
33,Q0,table-0977-706,20,9.829559938577487,BM25F
34,Q0,table-0218-202,1,12.726113800052472,BM25F
34,Q0,table-0291-10,2,11.169121106838748,BM25F
34,Q0,table-1612-2,3,9.560415052597538,BM25F
34,Q0,table-1616-344,4,9.320727088682023,BM25F
34,Q0,table-1611-452,5,9.1936419268835,BM25F
34,Q0,table-1611-583,6,9.119508655665156,BM25F
34,Q0,table-1611-907,7,9.119508655665156,BM25F
34,Q0,table-1611-956,8,9.119508655665156,BM25F
34,Q0,table-1611-513,9,9.119508655665156,BM25F
34,Q0,table-1611-534,10,9.119508655665156,BM25F
34,Q0,table-1611-551,11,9.119508655665156,BM25F
34,Q0,table-1611-848,12,9.119508655665156,BM25F
34,Q0,table-1616-400,13,9.119508655665156,BM25F
34,Q0,table-1611-936,14,9.119508655665156,BM25F
34,Q0,table-1610-22,15,9.119508655665156,BM25F
34,Q0,table-1610-132,16,9.119508655665156,BM25F
34,Q0,table-1609-796,17,9.119508655665156,BM25F
34,Q0,table-1611-839,18,9.119508655665156,BM25F
34,Q0,table-1611-581,19,9.119508655665156,BM25F
34,Q0,table-1616-397,20,9.119508655665156,BM25F
35,Q0,table-1489-449,1,27.671887481817713,BM25F
35,Q0,table-0379-43,2,26.96003340290957,BM25F
35,Q0,table-0981-339,3,23.25765208954139,BM25F
35,Q0,table-0310-406,4,20.198109545771935,BM25F
35,Q0,table-0459-793,5,19.455873011126187,BM25F
35,Q0,table-0452-590,6,19.171362407966463,BM25F
35,Q0,table-1333-198,7,18.430683140508528,BM25F
35,Q0,table-1402-905,8,17.897974895245724,BM25F
35,Q0,table-0245-556,9,17.897974895245724,BM25F
35,Q0,table-0453-219,10,17.779783057965467,BM25F
35,Q0,table-1647-305,11,17.634543721071168,BM25F
35,Q0,table-1356-222,12,17.46671916759562,BM25F
35,Q0,table-1489-146,13,17.46671916759562,BM25F
35,Q0,table-0598-146,14,17.154207107402442,BM25F
35,Q0,table-0456-852,15,17.140456454238826,BM25F
35,Q0,table-1234-564,16,17.110982210543234,BM25F
35,Q0,table-0385-768,17,16.822881302272652,BM25F
35,Q0,table-0385-764,18,16.737645650327593,BM25F
35,Q0,table-1080-585,19,16.576565519322408,BM25F
35,Q0,table-0865-947,20,16.525090567551036,BM25F
36,Q0,table-0310-406,1,20.198109545771935,BM25F
36,Q0,table-0459-793,2,19.455873011126187,BM25F
36,Q0,table-1333-198,3,18.430683140508528,BM25F
36,Q0,table-1402-905,4,17.897974895245724,BM25F
36,Q0,table-0245-556,5,17.897974895245724,BM25F
36,Q0,table-0453-219,6,17.779783057965467,BM25F
36,Q0,table-1647-305,7,17.634543721071168,BM25F
36,Q0,table-1489-146,8,17.46671916759562,BM25F
36,Q0,table-1356-222,9,17.46671916759562,BM25F
36,Q0,table-0598-146,10,17.154207107402442,BM25F
36,Q0,table-0456-852,11,17.140456454238826,BM25F
36,Q0,table-0385-768,12,16.822881302272652,BM25F
36,Q0,table-0385-764,13,16.737645650327593,BM25F
36,Q0,table-0865-947,14,16.525090567551036,BM25F
36,Q0,table-1334-944,15,16.462256693725568,BM25F
36,Q0,table-0385-766,16,16.407925053985466,BM25F
36,Q0,table-0385-765,17,16.328992114344615,BM25F
36,Q0,table-0981-699,18,15.96770467503355,BM25F
36,Q0,table-1489-449,19,15.875523270982557,BM25F
36,Q0,table-0241-581,20,15.347625145074092,BM25F
37,Q0,table-0687-978,1,23.57649426157259,BM25F
37,Q0,table-0091-144,2,18.948115852670043,BM25F
37,Q0,table-0123-682,3,17.460436955524287,BM25F
37,Q0,table-1627-93,4,16.939996559708963,BM25F
37,Q0,table-0290-4,5,16.8927953109814,BM25F
37,Q0,table-1108-894,6,16.8927953109814,BM25F
37,Q0,table-1441-100,7,16.810952013056895,BM25F
37,Q0,table-0172-991,8,16.408234233269344,BM25F
37,Q0,table-1615-399,9,15.66940407059218,BM25F
37,Q0,table-0450-575,10,15.277320577952839,BM25F
37,Q0,table-1180-888,11,15.018606120072715,BM25F
37,Q0,table-0919-458,12,15.018606120072715,BM25F
37,Q0,table-0327-289,13,14.779499278153736,BM25F
37,Q0,table-1563-283,14,14.368000695223337,BM25F
37,Q0,table-1375-531,15,13.256286511440122,BM25F
37,Q0,table-1421-943,16,12.400330463030857,BM25F
37,Q0,table-0056-298,17,11.771683162331499,BM25F
37,Q0,table-1090-435,18,11.739213288624518,BM25F
37,Q0,table-1304-270,19,11.703204026586775,BM25F
37,Q0,table-0972-522,20,11.61587066804251,BM25F
38,Q0,table-1451-328,1,22.101670527880906,BM25F
38,Q0,table-1017-538,2,18.566863207552107,BM25F
38,Q0,table-0324-731,3,14.522626624321356,BM25F
38,Q0,table-0520-707,4,13.595965481740258,BM25F
38,Q0,table-0107-797,5,13.362079603002764,BM25F
38,Q0,table-1292-436,6,12.37329238223524,BM25F
38,Q0,table-1650-920,7,11.795802578979515,BM25F
38,Q0,table-0507-56,8,11.427431202675832,BM25F
38,Q0,table-1081-271,9,11.262105471240154,BM25F
38,Q0,table-1388-470,10,10.477958835595118,BM25F
38,Q0,table-0116-212,11,10.361660142287475,BM25F
38,Q0,table-0364-266,12,10.2020944041759,BM25F
38,Q0,table-1274-494,13,10.195112554011235,BM25F
38,Q0,table-1035-439,14,9.482684173865813,BM25F
38,Q0,table-0553-825,15,9.452035312927075,BM25F
38,Q0,table-1204-839,16,9.452035312927075,BM25F
38,Q0,table-0180-822,17,9.452035312927075,BM25F
38,Q0,table-0571-533,18,9.452035312927075,BM25F
38,Q0,table-1386-110,19,9.452035312927075,BM25F
38,Q0,table-1600-677,20,9.452035312927075,BM25F
39,Q0,table-1636-696,1,13.150560224874367,BM25F
39,Q0,table-1571-795,2,12.895249993541427,BM25F
39,Q0,table-1403-798,3,12.468137678080103,BM25F
39,Q0,table-1179-842,4,12.239710378471479,BM25F
39,Q0,table-0116-621,5,12.239710378471479,BM25F
39,Q0,table-0859-966,6,12.239710378471479,BM25F
39,Q0,table-0859-979,7,12.239710378471479,BM25F
39,Q0,table-0103-588,8,12.214149061015078,BM25F
39,Q0,table-0657-210,9,11.944556111976581,BM25F
39,Q0,table-0919-677,10,11.514310797509712,BM25F
39,Q0,table-1420-265,11,11.511105807407377,BM25F
39,Q0,table-0877-55,12,11.42899648657229,BM25F
39,Q0,table-1524-733,13,11.403697072709877,BM25F
39,Q0,table-1641-463,14,11.307972504659192,BM25F
39,Q0,table-1641-462,15,11.307972504659192,BM25F
39,Q0,table-1390-133,16,11.157789095081903,BM25F
39,Q0,table-1359-325,17,10.946955373783855,BM25F
39,Q0,table-0285-770,18,10.87702445997268,BM25F
39,Q0,table-0136-378,19,10.865169796522235,BM25F
39,Q0,table-0302-733,20,10.865169796522235,BM25F
40,Q0,table-0484-507,1,20.733591102270967,BM25F
40,Q0,table-1045-652,2,19.98450458742975,BM25F
40,Q0,table-0880-38,3,15.86246682737973,BM25F
40,Q0,table-1269-149,4,15.55286978807851,BM25F
40,Q0,table-1053-499,5,13.538905712059508,BM25F
40,Q0,table-1455-161,6,13.288808235711782,BM25F
40,Q0,table-1486-330,7,13.096045232335756,BM25F
40,Q0,table-1455-165,8,12.936621470363589,BM25F
40,Q0,table-0899-319,9,12.505107825797882,BM25F
40,Q0,table-1031-634,10,12.503741790134912,BM25F
40,Q0,table-0100-968,11,12.461740347707623,BM25F
40,Q0,table-1561-603,12,11.463407850467863,BM25F
40,Q0,table-0780-807,13,11.196126928242991,BM25F
40,Q0,table-0516-291,14,11.129860667052833,BM25F
40,Q0,table-0273-259,15,11.045913723230939,BM25F
40,Q0,table-1520-42,16,10.868536769199356,BM25F
40,Q0,table-0100-835,17,10.868536769199356,BM25F
40,Q0,table-1640-849,18,10.682292238768326,BM25F
40,Q0,table-0350-639,19,10.61890052231164,BM25F
40,Q0,table-0474-779,20,10.614277053462628,BM25F
41,Q0,table-0875-234,1,12.624675507400365,BM25F
41,Q0,table-0875-227,2,12.245634138225768,BM25F
41,Q0,table-1244-936,3,10.575924403837897,BM25F
41,Q0,table-1258-532,4,10.575924403837897,BM25F
41,Q0,table-0875-230,5,10.441175834157239,BM25F
41,Q0,table-0452-590,6,10.294525750816693,BM25F
41,Q0,table-0875-223,7,10.245370396162084,BM25F
41,Q0,table-1244-933,8,10.245370396162084,BM25F
41,Q0,table-0296-650,9,10.245370396162084,BM25F
41,Q0,table-0831-21,10,10.245370396162084,BM25F
41,Q0,table-0875-224,11,10.245370396162084,BM25F
41,Q0,table-0875-237,12,10.245370396162084,BM25F
41,Q0,table-0750-129,13,10.245370396162084,BM25F
41,Q0,table-0750-139,14,10.056773727002286,BM25F
41,Q0,table-0875-233,15,10.056773727002286,BM25F
41,Q0,table-1444-630,16,10.007634858444677,BM25F
41,Q0,table-0875-235,17,9.978055467516715,BM25F
41,Q0,table-1444-635,18,9.964189389040978,BM25F
41,Q0,table-0750-128,19,9.934853278097712,BM25F
41,Q0,table-0750-134,20,9.934853278097712,BM25F
42,Q0,table-1396-734,1,15.114219149768207,BM25F
42,Q0,table-0498-296,2,15.058931725459807,BM25F
42,Q0,table-0342-607,3,14.922225794328,BM25F
42,Q0,table-0302-912,4,14.364415415056698,BM25F
42,Q0,table-0108-87,5,13.296630512276197,BM25F
42,Q0,table-1069-625,6,12.984551888797068,BM25F
42,Q0,table-0349-811,7,12.889611898094119,BM25F
42,Q0,table-0033-259,8,12.889611898094119,BM25F
42,Q0,table-0642-956,9,12.737376456740444,BM25F
42,Q0,table-1567-894,10,12.699534764040994,BM25F
42,Q0,table-1396-735,11,12.51660338998275,BM25F
42,Q0,table-1424-449,12,12.34449757700992,BM25F
42,Q0,table-1222-495,13,11.3671109658687,BM25F
42,Q0,table-1222-493,14,11.3671109658687,BM25F
42,Q0,table-0610-22,15,11.366779681481853,BM25F
42,Q0,table-1397-842,16,11.264947900949906,BM25F
42,Q0,table-0498-298,17,11.106690460144835,BM25F
42,Q0,table-1396-738,18,10.830893673074023,BM25F
42,Q0,table-1396-737,19,10.830893673074023,BM25F
42,Q0,table-1396-736,20,10.830893673074023,BM25F
43,Q0,table-1646-857,1,15.8974512851395,BM25F
43,Q0,table-1391-645,2,13.047728635719457,BM25F
43,Q0,table-1603-678,3,12.229017055861567,BM25F
43,Q0,table-1394-430,4,11.613296424203954,BM25F
43,Q0,table-0116-621,5,11.254654890943161,BM25F
43,Q0,table-0503-892,6,9.579185538551524,BM25F
43,Q0,table-1612-2,7,9.560415052597538,BM25F
43,Q0,table-1616-344,8,9.320727088682023,BM25F
43,Q0,table-1611-452,9,9.1936419268835,BM25F
43,Q0,table-1611-524,10,9.119508655665156,BM25F
43,Q0,table-1611-581,11,9.119508655665156,BM25F
43,Q0,table-1611-848,12,9.119508655665156,BM25F
43,Q0,table-1611-583,13,9.119508655665156,BM25F
43,Q0,table-1616-397,14,9.119508655665156,BM25F
43,Q0,table-1611-534,15,9.119508655665156,BM25F
43,Q0,table-1611-907,16,9.119508655665156,BM25F
43,Q0,table-1611-839,17,9.119508655665156,BM25F
43,Q0,table-1616-400,18,9.119508655665156,BM25F
43,Q0,table-1611-551,19,9.119508655665156,BM25F
43,Q0,table-1611-513,20,9.119508655665156,BM25F
44,Q0,table-0698-538,1,20.48369711196427,BM25F
44,Q0,table-1562-617,2,18.12766746749594,BM25F
44,Q0,table-0214-231,3,17.7207508543938,BM25F
44,Q0,table-1428-973,4,17.100249117195673,BM25F
44,Q0,table-1452-308,5,16.909943160629965,BM25F
44,Q0,table-0412-643,6,16.818180319551015,BM25F
44,Q0,table-0145-207,7,16.36408162804635,BM25F
44,Q0,table-0645-283,8,16.070749525566896,BM25F
44,Q0,table-0073-740,9,15.175649471216978,BM25F
44,Q0,table-1373-889,10,13.884493503211417,BM25F
44,Q0,table-0726-562,11,13.63645904209632,BM25F
44,Q0,table-1084-664,12,13.46879263880713,BM25F
44,Q0,table-1008-629,13,12.713837709127123,BM25F
44,Q0,table-1008-630,14,12.713837709127123,BM25F
44,Q0,table-1007-951,15,12.67747326020188,BM25F
44,Q0,table-1528-923,16,11.678820663996694,BM25F
44,Q0,table-0698-537,17,11.332108444649407,BM25F
44,Q0,table-0698-536,18,11.332108444649407,BM25F
44,Q0,table-1146-968,19,11.192970358361993,BM25F
44,Q0,table-1189-902,20,11.15851060398611,BM25F
45,Q0,table-1336-199,1,21.083736954663465,BM25F
45,Q0,table-0948-51,2,19.870574966241193,BM25F
45,Q0,table-0765-188,3,19.716968392839416,BM25F
45,Q0,table-1078-48,4,19.378964971309873,BM25F
45,Q0,table-0596-66,5,19.378964971309873,BM25F
45,Q0,table-1146-975,6,19.21762304887924,BM25F
45,Q0,table-1191-502,7,19.133196919357324,BM25F
45,Q0,table-1014-776,8,19.133196919357324,BM25F
45,Q0,table-0982-834,9,19.11078134298547,BM25F
45,Q0,table-1516-67,10,18.917304932302656,BM25F
45,Q0,table-0622-407,11,18.69256724348053,BM25F
45,Q0,table-0394-190,12,18.525748634187615,BM25F
45,Q0,table-1640-497,13,18.41913058863437,BM25F
45,Q0,table-0710-382,14,18.346808487080246,BM25F
45,Q0,table-1031-997,15,18.150215194740717,BM25F
45,Q0,table-1161-330,16,17.761059204330344,BM25F
45,Q0,table-1076-602,17,17.203706593677765,BM25F
45,Q0,table-1335-335,18,17.17288688015655,BM25F
45,Q0,table-0376-810,19,17.078820153094135,BM25F
45,Q0,table-1164-628,20,16.977182519278863,BM25F
46,Q0,table-1602-828,1,24.884641922843585,BM25F
46,Q0,table-1355-572,2,24.290547112640176,BM25F
46,Q0,table-0183-58,3,23.346877016902297,BM25F
46,Q0,table-1390-891,4,21.96476687098609,BM25F
46,Q0,table-1442-90,5,18.174356907863732,BM25F
46,Q0,table-1602-829,6,17.155078317490183,BM25F
46,Q0,table-0182-827,7,16.794233814209004,BM25F
46,Q0,table-1353-79,8,16.09160110509367,BM25F
46,Q0,table-1600-674,9,15.58821723850905,BM25F
46,Q0,table-1021-322,10,15.341514133400832,BM25F
46,Q0,table-0765-619,11,15.118540122163848,BM25F
46,Q0,table-1442-713,12,14.97570310073557,BM25F
46,Q0,table-1485-517,13,14.961043258033616,BM25F
46,Q0,table-0389-936,14,14.811349345232152,BM25F
46,Q0,table-1536-230,15,14.729649412962207,BM25F
46,Q0,table-0077-438,16,14.687002486737711,BM25F
46,Q0,table-1561-603,17,14.575646039065255,BM25F
46,Q0,table-0096-922,18,14.470548629068844,BM25F
46,Q0,table-1471-990,19,14.286426664124367,BM25F
46,Q0,table-0298-677,20,14.233742126461465,BM25F
47,Q0,table-1585-588,1,16.123637699979056,BM25F
47,Q0,table-1391-524,2,15.167337026036432,BM25F
47,Q0,table-1585-589,3,15.048292022545692,BM25F
47,Q0,table-0087-619,4,14.311081806878505,BM25F
47,Q0,table-0488-918,5,13.64226355750808,BM25F
47,Q0,table-0253-590,6,12.6555881319448,BM25F
47,Q0,table-0031-124,7,12.588294983716164,BM25F
47,Q0,table-1027-79,8,12.440704401419119,BM25F
47,Q0,table-0927-517,9,12.148223362458323,BM25F
47,Q0,table-0927-516,10,11.797439997656774,BM25F
47,Q0,table-0610-865,11,11.623705965576013,BM25F
47,Q0,table-1424-449,12,11.498604592515882,BM25F
47,Q0,table-1027-78,13,11.26045077815029,BM25F
47,Q0,table-0791-313,14,11.095142633277305,BM25F
47,Q0,table-0728-796,15,10.461952996953094,BM25F
47,Q0,table-1197-684,16,10.461952996953094,BM25F
47,Q0,table-1222-495,17,10.178841920272497,BM25F
47,Q0,table-1222-493,18,10.178841920272497,BM25F
47,Q0,table-1391-525,19,9.87903909594713,BM25F
47,Q0,table-0326-510,20,9.817416602662831,BM25F
48,Q0,table-0055-698,1,20.893887712557802,BM25F
48,Q0,table-1628-799,2,13.290052988088572,BM25F
48,Q0,table-1571-62,3,13.156882520995854,BM25F
48,Q0,table-1461-956,4,12.919209391804921,BM25F
48,Q0,table-0456-40,5,12.602507076433588,BM25F
48,Q0,table-1390-665,6,12.522265697995241,BM25F
48,Q0,table-0855-314,7,11.694968088089295,BM25F
48,Q0,table-1135-687,8,11.495553741683786,BM25F
48,Q0,table-0625-86,9,10.661271296850868,BM25F
48,Q0,table-1434-216,10,10.44174039590827,BM25F
48,Q0,table-0459-647,11,10.332030180052806,BM25F
48,Q0,table-0326-223,12,10.182552102570899,BM25F
48,Q0,table-0371-97,13,9.711910775968652,BM25F
48,Q0,table-0208-139,14,9.617274071649662,BM25F
48,Q0,table-0208-138,15,9.617274071649662,BM25F
48,Q0,table-1612-2,16,9.560415052597538,BM25F
48,Q0,table-1616-344,17,9.320727088682023,BM25F
48,Q0,table-1611-452,18,9.1936419268835,BM25F
48,Q0,table-1611-839,19,9.119508655665156,BM25F
48,Q0,table-1611-551,20,9.119508655665156,BM25F
49,Q0,table-0346-490,1,17.250770077635025,BM25F
49,Q0,table-1424-937,2,16.918672654577115,BM25F
49,Q0,table-1424-932,3,16.918672654577115,BM25F
49,Q0,table-0031-124,4,16.389523817542294,BM25F
49,Q0,table-1640-352,5,16.021653285401293,BM25F
49,Q0,table-0876-486,6,15.55929416175597,BM25F
49,Q0,table-1567-897,7,14.769819896136468,BM25F
49,Q0,table-0019-690,8,14.335099971438996,BM25F
49,Q0,table-0404-288,9,14.221136239452669,BM25F
49,Q0,table-1310-170,10,13.800945963197295,BM25F
49,Q0,table-1522-309,11,12.382522578946173,BM25F
49,Q0,table-1069-815,12,12.184253379917775,BM25F
49,Q0,table-0846-443,13,11.789916489464156,BM25F
49,Q0,table-0497-834,14,11.789916489464156,BM25F
49,Q0,table-0881-85,15,11.752056737310294,BM25F
49,Q0,table-0960-154,16,11.752056737310294,BM25F
49,Q0,table-0948-802,17,11.160236721665791,BM25F
49,Q0,table-1533-500,18,11.142695805780185,BM25F
49,Q0,table-1502-45,19,11.124837366411864,BM25F
49,Q0,table-1470-745,20,10.060894983437587,BM25F
50,Q0,table-1541-685,1,21.020427799040775,BM25F
50,Q0,table-1405-724,2,20.561114547318244,BM25F
50,Q0,table-0197-91,3,19.507733836232106,BM25F
50,Q0,table-1005-137,4,17.28446541459126,BM25F
50,Q0,table-0668-241,5,17.28446541459126,BM25F
50,Q0,table-1005-954,6,17.28446541459126,BM25F
50,Q0,table-0666-479,7,16.07471999789635,BM25F
50,Q0,table-0044-810,8,16.03478746035882,BM25F
50,Q0,table-1485-517,9,15.864302925501281,BM25F
50,Q0,table-0198-895,10,15.752742539407855,BM25F
50,Q0,table-0513-110,11,15.562326783511148,BM25F
50,Q0,table-0194-131,12,15.351330043461438,BM25F
50,Q0,table-1561-603,13,15.300605167146799,BM25F
50,Q0,table-0096-922,14,15.195507757150388,BM25F
50,Q0,table-0575-909,15,14.478206981401062,BM25F
50,Q0,table-0298-677,16,14.439870857637505,BM25F
50,Q0,table-0765-619,17,14.401848905828805,BM25F
50,Q0,table-0434-898,18,14.327128268315311,BM25F
50,Q0,table-1350-109,19,14.025707482554655,BM25F
50,Q0,table-0516-82,20,13.99372938088655,BM25F
51,Q0,table-1441-100,1,36.87364668248846,BM25F
51,Q0,table-0091-144,2,18.948115852670043,BM25F
51,Q0,table-0123-682,3,17.460436955524287,BM25F
51,Q0,table-1108-894,4,16.8927953109814,BM25F
51,Q0,table-0290-4,5,16.8927953109814,BM25F
51,Q0,table-0172-991,6,16.408234233269344,BM25F
51,Q0,table-0687-978,7,16.39758851883646,BM25F
51,Q0,table-0919-458,8,15.018606120072715,BM25F
51,Q0,table-1180-888,9,15.018606120072715,BM25F
51,Q0,table-0327-289,10,14.779499278153736,BM25F
51,Q0,table-1375-531,11,13.256286511440122,BM25F
51,Q0,table-0056-298,12,11.771683162331499,BM25F
51,Q0,table-0521-373,13,11.548526493923255,BM25F
51,Q0,table-0190-739,14,11.548526493923255,BM25F
51,Q0,table-1007-407,15,11.432222116920457,BM25F
51,Q0,table-0401-729,16,10.925594524119788,BM25F
51,Q0,table-0630-761,17,10.86431117879772,BM25F
51,Q0,table-0889-1,18,10.86431117879772,BM25F
51,Q0,table-1627-93,19,10.86431117879772,BM25F
51,Q0,table-1626-838,20,10.860153411572918,BM25F
52,Q0,table-0383-291,1,18.85477290805954,BM25F
52,Q0,table-1021-819,2,17.0620050292599,BM25F
52,Q0,table-0226-319,3,15.807327576403921,BM25F
52,Q0,table-0769-303,4,15.324798216269723,BM25F
52,Q0,table-1482-885,5,12.710335016013223,BM25F
52,Q0,table-0441-134,6,12.061829407876765,BM25F
52,Q0,table-0180-579,7,11.134299341340837,BM25F
52,Q0,table-0981-339,8,10.023819990945292,BM25F
52,Q0,table-0349-8,9,10.007677695037074,BM25F
52,Q0,table-1005-326,10,9.571200485027019,BM25F
52,Q0,table-0357-162,11,9.54798588984603,BM25F
52,Q0,table-1053-92,12,9.470636936097979,BM25F
52,Q0,table-0529-692,13,9.365243007161359,BM25F
52,Q0,table-1181-159,14,9.177804663143792,BM25F
52,Q0,table-1379-82,15,8.85475236942526,BM25F
52,Q0,table-0538-335,16,8.720794310130445,BM25F
52,Q0,table-1347-123,17,8.699255208127695,BM25F
52,Q0,table-0388-840,18,8.53395758378284,BM25F
52,Q0,table-0296-506,19,8.225571470076238,BM25F
52,Q0,table-1497-578,20,8.122352596521045,BM25F
53,Q0,table-0587-651,1,23.948740749251648,BM25F
53,Q0,table-0587-650,2,21.31627275828926,BM25F
53,Q0,table-1197-397,3,11.736130968059488,BM25F
53,Q0,table-0837-624,4,11.736130968059488,BM25F
53,Q0,table-0297-350,5,11.48066882610776,BM25F
53,Q0,table-1031-529,6,11.48066882610776,BM25F
53,Q0,table-0524-487,7,11.48066882610776,BM25F
53,Q0,table-0563-407,8,11.48066882610776,BM25F
53,Q0,table-0469-995,9,11.48066882610776,BM25F
53,Q0,table-0513-19,10,10.877275365584769,BM25F
53,Q0,table-0744-179,11,10.790085138712673,BM25F
53,Q0,table-0569-611,12,10.790085138712673,BM25F
53,Q0,table-1029-430,13,10.790085138712673,BM25F
53,Q0,table-0566-775,14,10.790085138712673,BM25F
53,Q0,table-0497-863,15,10.790085138712673,BM25F
53,Q0,table-1488-50,16,10.553859017430034,BM25F
53,Q0,table-0008-735,17,10.460801157200075,BM25F
53,Q0,table-1136-540,18,9.917958385095051,BM25F
53,Q0,table-1414-649,19,9.428675738548414,BM25F
53,Q0,table-0151-825,20,9.428402993075695,BM25F
54,Q0,table-0269-965,1,28.429677465056113,BM25F
54,Q0,table-1597-117,2,24.30545841684311,BM25F
54,Q0,table-1607-736,3,22.196973906394525,BM25F
54,Q0,table-1459-127,4,22.196973906394525,BM25F
54,Q0,table-1625-997,5,21.70242581941299,BM25F
54,Q0,table-0090-631,6,19.65771146055156,BM25F
54,Q0,table-0539-829,7,17.855725293012398,BM25F
54,Q0,table-1035-850,8,17.842066831991996,BM25F
54,Q0,table-0274-499,9,17.100310402367835,BM25F
54,Q0,table-1520-42,10,17.100310402367835,BM25F
54,Q0,table-0808-501,11,17.100310402367835,BM25F
54,Q0,table-1580-221,12,16.71192949720399,BM25F
54,Q0,table-1580-218,13,16.428884056601902,BM25F
54,Q0,table-0055-450,14,16.250320212841487,BM25F
54,Q0,table-0115-440,15,16.218441609227998,BM25F
54,Q0,table-0925-47,16,16.057253752435333,BM25F
54,Q0,table-1580-219,17,15.780918823932861,BM25F
54,Q0,table-1129-534,18,15.675681275070122,BM25F
54,Q0,table-0090-633,19,15.480650216128009,BM25F
54,Q0,table-0809-357,20,15.403493244131027,BM25F
55,Q0,table-0905-211,1,16.926413610857793,BM25F
55,Q0,table-1370-152,2,13.868558920191422,BM25F
55,Q0,table-1411-1000,3,13.274615748612431,BM25F
55,Q0,table-1565-115,4,13.274615748612431,BM25F
55,Q0,table-0253-421,5,13.089792669283254,BM25F
55,Q0,table-0735-217,6,12.965747905970865,BM25F
55,Q0,table-0634-466,7,12.922081246094555,BM25F
55,Q0,table-1445-868,8,12.162826539499209,BM25F
55,Q0,table-1265-769,9,11.846153617511456,BM25F
55,Q0,table-1015-954,10,11.846153617511456,BM25F
55,Q0,table-1018-214,11,11.741701046581678,BM25F
55,Q0,table-0480-973,12,11.398371907039362,BM25F
55,Q0,table-0489-746,13,11.157224600553892,BM25F
55,Q0,table-0905-212,14,11.138715905440659,BM25F
55,Q0,table-0259-714,15,11.129333051542247,BM25F
55,Q0,table-0520-188,16,10.804178541756853,BM25F
55,Q0,table-0594-743,17,10.678893896163178,BM25F
55,Q0,table-1370-151,18,10.678893896163178,BM25F
55,Q0,table-1370-149,19,10.678893896163178,BM25F
55,Q0,table-1012-983,20,10.583194358014671,BM25F
56,Q0,table-1448-80,1,16.029959726823694,BM25F
56,Q0,table-1114-461,2,15.865848823820828,BM25F
56,Q0,table-1559-591,3,15.72313167230984,BM25F
56,Q0,table-0839-717,4,15.50296754727676,BM25F
56,Q0,table-0514-321,5,15.147915771896521,BM25F
56,Q0,table-0420-541,6,14.28023653894557,BM25F
56,Q0,table-0204-34,7,14.048451530677541,BM25F
56,Q0,table-0805-12,8,13.126632303077077,BM25F
56,Q0,table-0378-117,9,12.921490000926077,BM25F
56,Q0,table-0546-965,10,12.502469271326898,BM25F
56,Q0,table-1181-620,11,12.381034807255617,BM25F
56,Q0,table-0546-964,12,12.1783338223846,BM25F
56,Q0,table-0514-315,13,11.506918586224437,BM25F
56,Q0,table-0687-978,14,10.68323297637693,BM25F
56,Q0,table-1450-964,15,10.667101398355642,BM25F
56,Q0,table-1510-622,16,10.188077238344048,BM25F
56,Q0,table-1589-520,17,9.78481015414114,BM25F
56,Q0,table-1647-73,18,9.698533324576056,BM25F
56,Q0,table-1647-305,19,9.698533324576056,BM25F
56,Q0,table-0514-268,20,9.579109069553832,BM25F
57,Q0,table-0212-251,1,20.967407120126,BM25F
57,Q0,table-0212-252,2,20.83277819281475,BM25F
57,Q0,table-0212-250,3,20.54041846831688,BM25F
57,Q0,table-1421-84,4,20.15092680683978,BM25F
57,Q0,table-0634-326,5,19.39130696826729,BM25F
57,Q0,table-0211-555,6,19.03069109162217,BM25F
57,Q0,table-1098-540,7,18.505750459713678,BM25F
57,Q0,table-0598-633,8,18.460118591461132,BM25F
57,Q0,table-0875-544,9,18.160432007664486,BM25F
57,Q0,table-0760-684,10,17.611281842968104,BM25F
57,Q0,table-1542-271,11,17.55126128557341,BM25F
57,Q0,table-0834-347,12,17.48388319260431,BM25F
57,Q0,table-1473-105,13,17.201385885488527,BM25F
57,Q0,table-0836-976,14,17.019761256109845,BM25F
57,Q0,table-0062-134,15,15.736409036375061,BM25F
57,Q0,table-1505-632,16,15.49093366958259,BM25F
57,Q0,table-0838-400,17,13.68634868187705,BM25F
57,Q0,table-0221-888,18,12.878438084269394,BM25F
57,Q0,table-0838-403,19,12.84818544866176,BM25F
57,Q0,table-0884-248,20,12.73042767509384,BM25F
58,Q0,table-0721-948,1,20.366913353162307,BM25F
58,Q0,table-1015-246,2,19.102868203462112,BM25F
58,Q0,table-0547-658,3,16.624653020228976,BM25F
58,Q0,table-1356-303,4,15.30996971726171,BM25F
58,Q0,table-0837-518,5,14.085052036065147,BM25F
58,Q0,table-1127-239,6,13.269492099726124,BM25F
58,Q0,table-1127-243,7,13.269492099726124,BM25F
58,Q0,table-0721-949,8,12.60323726343761,BM25F
58,Q0,table-0462-618,9,12.31750939667269,BM25F
58,Q0,table-0651-51,10,11.844868516823654,BM25F
58,Q0,table-0806-10,11,11.797365854325959,BM25F
58,Q0,table-1361-246,12,11.607513109119981,BM25F
58,Q0,table-0817-634,13,11.5276204285377,BM25F
58,Q0,table-1599-633,14,11.40064253153274,BM25F
58,Q0,table-1620-672,15,11.305341833527013,BM25F
58,Q0,table-1648-492,16,11.082363779343817,BM25F
58,Q0,table-0146-957,17,11.082363779343817,BM25F
58,Q0,table-0306-263,18,11.082363779343817,BM25F
58,Q0,table-1598-404,19,11.082363779343817,BM25F
58,Q0,table-0066-732,20,11.082363779343817,BM25F
59,Q0,table-1088-407,1,23.894980757710268,BM25F
59,Q0,table-1219-20,2,23.782743093554824,BM25F
59,Q0,table-1627-819,3,23.49689189838537,BM25F
59,Q0,table-1542-143,4,22.98281030083081,BM25F
59,Q0,table-0722-460,5,22.934084723020842,BM25F
59,Q0,table-1592-662,6,22.898458531542666,BM25F
59,Q0,table-1437-680,7,22.788061192921955,BM25F
59,Q0,table-1054-794,8,22.713381665086235,BM25F
59,Q0,table-1488-994,9,22.680326379432312,BM25F
59,Q0,table-0801-851,10,21.9589580071554,BM25F
59,Q0,table-1384-963,11,21.68983285665681,BM25F
59,Q0,table-0228-438,12,21.368387362297156,BM25F
59,Q0,table-1542-144,13,20.78364756175857,BM25F
59,Q0,table-0859-400,14,20.528025097321663,BM25F
59,Q0,table-1264-76,15,20.302359689104254,BM25F
59,Q0,table-0833-662,16,20.15475501817961,BM25F
59,Q0,table-1421-438,17,19.87867236816072,BM25F
59,Q0,table-0043-587,18,19.277170855874814,BM25F
59,Q0,table-0474-103,19,19.13434857518157,BM25F
59,Q0,table-1621-797,20,19.001914257469963,BM25F
60,Q0,table-1568-191,1,15.471410105843137,BM25F
60,Q0,table-1052-535,2,15.220810929403598,BM25F
60,Q0,table-0817-899,3,15.002304351499841,BM25F
60,Q0,table-0243-807,4,14.784731051748881,BM25F
60,Q0,table-0902-57,5,13.797336959819642,BM25F
60,Q0,table-0877-317,6,13.306328858714917,BM25F
60,Q0,table-0245-966,7,13.306328858714917,BM25F
60,Q0,table-0440-409,8,13.306328858714917,BM25F
60,Q0,table-0119-465,9,13.10924469908019,BM25F
60,Q0,table-0604-281,10,12.87898951431691,BM25F
60,Q0,table-1052-957,11,12.359081563887855,BM25F
60,Q0,table-0386-945,12,11.987252333782482,BM25F
60,Q0,table-0915-390,13,11.987252333782482,BM25F
60,Q0,table-0631-733,14,11.886084227700113,BM25F
60,Q0,table-0631-817,15,11.767724029600767,BM25F
60,Q0,table-0633-791,16,11.767724029600767,BM25F
60,Q0,table-0631-704,17,11.65962104969794,BM25F
60,Q0,table-0631-736,18,11.560497311539532,BM25F
60,Q0,table-0820-938,19,11.560497311539532,BM25F
60,Q0,table-0633-768,20,11.560497311539532,BM25F
