1,Q0,table-1452-662,1,2.8340926954838324,DirichletLM
1,Q0,table-1554-330,2,2.787507542782526,DirichletLM
1,Q0,table-0730-168,3,2.6329627386645935,DirichletLM
1,Q0,table-0415-192,4,2.5811411924047825,DirichletLM
1,Q0,table-0389-400,5,2.5356321522038403,DirichletLM
1,Q0,table-0125-805,6,2.5345065855495132,DirichletLM
1,Q0,table-0875-680,7,2.4516322642898856,DirichletLM
1,Q0,table-1000-57,8,2.439180330330965,DirichletLM
1,Q0,table-1042-895,9,2.4003700471789324,DirichletLM
1,Q0,table-1203-868,10,2.21603865380375,DirichletLM
1,Q0,table-1203-836,11,2.21603865380375,DirichletLM
1,Q0,table-0552-510,12,2.0991621642231513,DirichletLM
1,Q0,table-0523-299,13,1.9915509060605612,DirichletLM
1,Q0,table-1020-619,14,1.9148519113999207,DirichletLM
1,Q0,table-0288-530,15,1.910273742915802,DirichletLM
1,Q0,table-0288-531,16,1.909130334903305,DirichletLM
1,Q0,table-0370-614,17,1.7435923940798492,DirichletLM
1,Q0,table-0037-411,18,1.7333139305149206,DirichletLM
1,Q0,table-0216-976,19,1.5714592995654288,DirichletLM
1,Q0,table-0216-970,20,1.5669526370611662,DirichletLM
2,Q0,table-1047-153,1,2.5565150843624043,DirichletLM
2,Q0,table-0938-613,2,2.2996596944035277,DirichletLM
2,Q0,table-1064-455,3,2.250345739169492,DirichletLM
2,Q0,table-1064-381,4,2.250345739169492,DirichletLM
2,Q0,table-1047-58,5,1.9896726675040994,DirichletLM
2,Q0,table-1047-140,6,1.9879676900849002,DirichletLM
2,Q0,table-1047-143,7,1.9879676900849002,DirichletLM
2,Q0,table-1479-337,8,1.9617418151188741,DirichletLM
2,Q0,table-0713-460,9,1.958328498599165,DirichletLM
2,Q0,table-1038-905,10,1.9084199586122867,DirichletLM
2,Q0,table-0218-222,11,1.8561737239062606,DirichletLM
2,Q0,table-1574-263,12,1.708562963540706,DirichletLM
2,Q0,table-0223-565,13,1.7017417089803435,DirichletLM
2,Q0,table-0346-14,14,1.6930908777164602,DirichletLM
2,Q0,table-0511-959,15,1.6642406171758102,DirichletLM
2,Q0,table-0379-471,16,1.6368692366371518,DirichletLM
2,Q0,table-1578-197,17,1.63267852783627,DirichletLM
2,Q0,table-0938-612,18,1.6207106766954702,DirichletLM
2,Q0,table-1064-451,19,1.5505868659397315,DirichletLM
2,Q0,table-1064-384,20,1.5505868659397315,DirichletLM
3,Q0,table-1616-460,1,3.6882939622995883,DirichletLM
3,Q0,table-0735-912,2,2.6710189586382413,DirichletLM
3,Q0,table-0354-234,3,2.387578112552863,DirichletLM
3,Q0,table-0016-437,4,2.341632492424384,DirichletLM
3,Q0,table-0110-38,5,2.292852109224838,DirichletLM
3,Q0,table-1245-278,6,2.270943316173757,DirichletLM
3,Q0,table-0327-490,7,2.1000117319749303,DirichletLM
3,Q0,table-1546-808,8,2.0988694555566747,DirichletLM
3,Q0,table-1435-370,9,2.019813436391232,DirichletLM
3,Q0,table-0928-773,10,1.9315638618773883,DirichletLM
3,Q0,table-0016-438,11,1.5950319712504752,DirichletLM
3,Q0,table-0735-908,12,1.5117420387612184,DirichletLM
3,Q0,table-0100-833,13,1.4111427913566001,DirichletLM
3,Q0,table-0312-107,14,1.4077030253043459,DirichletLM
3,Q0,table-0100-834,15,1.4077030253043459,DirichletLM
3,Q0,table-0100-835,16,1.4065573472738966,DirichletLM
3,Q0,table-1209-300,17,1.4042673550252993,DirichletLM
3,Q0,table-0005-927,18,1.3951255174159019,DirichletLM
3,Q0,table-0005-921,19,1.3860125526145004,DirichletLM
3,Q0,table-0005-922,20,1.3860125526145004,DirichletLM
4,Q0,table-0679-737,1,3.064363078015796,DirichletLM
4,Q0,table-0453-683,2,2.116587123516537,DirichletLM
4,Q0,table-0283-329,3,2.06220428173473,DirichletLM
4,Q0,table-1511-87,4,1.8788980538476034,DirichletLM
4,Q0,table-1034-621,5,1.8148662896405525,DirichletLM
4,Q0,table-1417-148,6,1.6926845847926713,DirichletLM
4,Q0,table-1417-149,7,1.6800670767518606,DirichletLM
4,Q0,table-1417-138,8,1.677778900516339,DirichletLM
4,Q0,table-1417-135,9,1.6743500348938356,DirichletLM
4,Q0,table-1417-136,10,1.6743500348938356,DirichletLM
4,Q0,table-1417-141,11,1.6652262641873212,DirichletLM
4,Q0,table-1417-137,12,1.6584023191498836,DirichletLM
4,Q0,table-1417-140,13,1.651594474666224,DirichletLM
4,Q0,table-1417-139,14,1.6493287579563392,DirichletLM
4,Q0,table-1417-147,15,1.5082480295775578,DirichletLM
4,Q0,table-1417-146,16,1.5082480295775578,DirichletLM
4,Q0,table-1417-144,17,1.507106431112902,DirichletLM
4,Q0,table-1417-134,18,1.507106431112902,DirichletLM
4,Q0,table-1417-142,19,1.5059652841406308,DirichletLM
4,Q0,table-1417-145,20,1.5014052040421055,DirichletLM
5,Q0,table-1444-333,1,2.8931603505708248,DirichletLM
5,Q0,table-0094-799,2,2.5360123967367167,DirichletLM
5,Q0,table-0067-64,3,2.5264300932168857,DirichletLM
5,Q0,table-0452-375,4,2.429937757296793,DirichletLM
5,Q0,table-0283-329,5,2.1283420050241055,DirichletLM
5,Q0,table-0600-601,6,1.9276590934276006,DirichletLM
5,Q0,table-1530-281,7,1.9204973573744497,DirichletLM
5,Q0,table-1647-516,8,1.7829045204405332,DirichletLM
5,Q0,table-1038-539,9,1.7766032813386397,DirichletLM
5,Q0,table-0604-203,10,1.7669188162678338,DirichletLM
5,Q0,table-0513-19,11,1.4960095183553614,DirichletLM
5,Q0,table-1456-444,12,1.4954373608856815,DirichletLM
5,Q0,table-0218-113,13,1.4948654302376008,DirichletLM
5,Q0,table-0702-591,14,1.4743451907861866,DirichletLM
5,Q0,table-1421-59,15,1.4641333861621266,DirichletLM
5,Q0,table-1264-72,16,1.2836776725339503,DirichletLM
5,Q0,table-1385-549,17,1.281388588291891,DirichletLM
5,Q0,table-0600-600,18,1.280245406741672,DirichletLM
5,Q0,table-0600-606,19,1.275112270127382,DirichletLM
5,Q0,table-0600-604,20,1.275112270127382,DirichletLM
6,Q0,table-0722-993,1,2.4118326457171904,DirichletLM
6,Q0,table-1280-419,2,2.2379057836711755,DirichletLM
6,Q0,table-1495-660,3,2.155119638848052,DirichletLM
6,Q0,table-1008-856,4,2.0934708494746457,DirichletLM
6,Q0,table-0872-546,5,2.012607683458301,DirichletLM
6,Q0,table-1588-343,6,1.8579457285109837,DirichletLM
6,Q0,table-1370-780,7,1.7990105748143501,DirichletLM
6,Q0,table-1327-739,8,1.7075087553897188,DirichletLM
6,Q0,table-0088-509,9,1.7029178394143945,DirichletLM
6,Q0,table-0149-220,10,1.6857666689516047,DirichletLM
6,Q0,table-0553-650,11,1.5975223120858795,DirichletLM
6,Q0,table-1495-661,12,1.5972543878948273,DirichletLM
6,Q0,table-1228-309,13,1.5935187950325684,DirichletLM
6,Q0,table-0584-271,14,1.5906659267094365,DirichletLM
6,Q0,table-0008-994,15,1.4994280550914445,DirichletLM
6,Q0,table-0386-340,16,1.3980442197706506,DirichletLM
6,Q0,table-0197-91,17,1.3656618487781806,DirichletLM
6,Q0,table-0135-490,18,1.3590154098674068,DirichletLM
6,Q0,table-0349-707,19,1.3408695031633766,DirichletLM
6,Q0,table-1578-829,20,1.2995359649063662,DirichletLM
7,Q0,table-0453-280,1,3.533353455167263,DirichletLM
7,Q0,table-0776-561,2,3.144665967485428,DirichletLM
7,Q0,table-0377-330,3,2.696070824241841,DirichletLM
7,Q0,table-1460-510,4,2.6789320007328126,DirichletLM
7,Q0,table-1335-447,5,2.5165091415218264,DirichletLM
7,Q0,table-0202-720,6,2.416029623898559,DirichletLM
7,Q0,table-1344-229,7,2.38881141476021,DirichletLM
7,Q0,table-1492-675,8,1.8369197249637126,DirichletLM
7,Q0,table-1219-416,9,1.8357740469332633,DirichletLM
7,Q0,table-0592-701,10,1.8243422170752686,DirichletLM
7,Q0,table-1056-349,11,1.820921481545063,DirichletLM
7,Q0,table-0155-146,12,1.8118192970826892,DirichletLM
7,Q0,table-1417-774,13,1.8118192970826892,DirichletLM
7,Q0,table-0678-625,14,1.474045285079989,DirichletLM
7,Q0,table-0367-173,15,1.4694634816848684,DirichletLM
7,Q0,table-1211-1000,16,1.4660318974368498,DirichletLM
7,Q0,table-0890-878,17,1.4648889423489089,DirichletLM
7,Q0,table-1437-805,18,1.4648889423489089,DirichletLM
7,Q0,table-0678-627,19,1.4648889423489089,DirichletLM
7,Q0,table-0692-77,20,1.4637464398268434,DirichletLM
8,Q0,table-0176-187,1,4.050117050876448,DirichletLM
8,Q0,table-1389-264,2,3.5786051532938328,DirichletLM
8,Q0,table-1358-28,3,3.06877029451553,DirichletLM
8,Q0,table-1389-263,4,2.8197060251741424,DirichletLM
8,Q0,table-0044-50,5,2.3105850118409994,DirichletLM
8,Q0,table-0735-912,6,1.6327640205557534,DirichletLM
8,Q0,table-0393-510,7,1.2083959278661407,DirichletLM
8,Q0,table-1509-515,8,1.1587730933071905,DirichletLM
8,Q0,table-1389-262,9,1.1332178977346294,DirichletLM
8,Q0,table-0298-767,10,1.1245957066826757,DirichletLM
8,Q0,table-0633-57,11,1.0389780132822561,DirichletLM
8,Q0,table-0461-640,12,0.909376188368548,DirichletLM
8,Q0,table-1163-200,13,0.8973703351083941,DirichletLM
8,Q0,table-1610-48,14,0.866330622027881,DirichletLM
8,Q0,table-0249-249,15,0.8646093710292473,DirichletLM
8,Q0,table-0625-924,16,0.86346301018952,DirichletLM
8,Q0,table-0125-915,17,0.8577448297314336,DirichletLM
8,Q0,table-0628-491,18,0.8560337857978524,DirichletLM
8,Q0,table-0145-207,19,0.83408096642404,DirichletLM
8,Q0,table-1009-917,20,0.7634107309862493,DirichletLM
9,Q0,table-0601-200,1,5.1444019861697505,DirichletLM
9,Q0,table-0601-199,2,3.6903024182077235,DirichletLM
9,Q0,table-1619-337,3,3.6823708480954953,DirichletLM
9,Q0,table-0601-201,4,2.5192187847583956,DirichletLM
9,Q0,table-1619-336,5,2.513508531397016,DirichletLM
9,Q0,table-0371-315,6,2.4919120502108925,DirichletLM
9,Q0,table-0523-299,7,2.1057890569793107,DirichletLM
9,Q0,table-0371-314,8,2.0194831295492235,DirichletLM
9,Q0,table-0600-579,9,2.0017881317507444,DirichletLM
9,Q0,table-0731-979,10,1.9938838960908818,DirichletLM
9,Q0,table-1050-420,11,1.7899716980881168,DirichletLM
9,Q0,table-1005-920,12,1.3541126355844204,DirichletLM
9,Q0,table-1286-2,13,1.1966332781234705,DirichletLM
9,Q0,table-0824-357,14,1.196059071134442,DirichletLM
9,Q0,table-1276-195,15,1.1954850925945897,DirichletLM
9,Q0,table-1415-938,16,1.1949113423222082,DirichletLM
9,Q0,table-0430-782,17,1.193191459296081,DirichletLM
9,Q0,table-0471-463,18,1.1926186202808564,DirichletLM
9,Q0,table-0148-456,19,1.186332357433425,DirichletLM
9,Q0,table-0383-921,20,0.8962723523073609,DirichletLM
10,Q0,table-0984-275,1,4.7709062980522985,DirichletLM
10,Q0,table-0791-274,2,4.471279936413992,DirichletLM
10,Q0,table-1384-649,3,4.026434194692847,DirichletLM
10,Q0,table-0152-596,4,4.025293949634823,DirichletLM
10,Q0,table-0512-745,5,3.704561001857482,DirichletLM
10,Q0,table-1384-652,6,3.5799638566646146,DirichletLM
10,Q0,table-1389-262,7,2.3755208619843367,DirichletLM
10,Q0,table-1091-421,8,2.152510578674634,DirichletLM
10,Q0,table-1412-182,9,2.0594608976478175,DirichletLM
10,Q0,table-1384-654,10,1.9412791452562155,DirichletLM
10,Q0,table-1384-653,11,1.9378332159724987,DirichletLM
10,Q0,table-0687-346,12,1.909995354046647,DirichletLM
10,Q0,table-0076-117,13,1.9088704455757055,DirichletLM
10,Q0,table-0952-32,14,1.9083083200899698,DirichletLM
10,Q0,table-0999-850,15,1.8854477464343105,DirichletLM
10,Q0,table-1098-252,16,1.6461407429692785,DirichletLM
10,Q0,table-0601-201,17,1.6461407429692785,DirichletLM
10,Q0,table-0547-658,18,1.6375922583043216,DirichletLM
10,Q0,table-1384-651,19,1.2683359981670999,DirichletLM
10,Q0,table-1322-966,20,1.2677633865140623,DirichletLM
11,Q0,table-1264-72,1,3.3143519580728005,DirichletLM
11,Q0,table-1385-549,2,2.6088113593958537,DirichletLM
11,Q0,table-1297-412,3,2.6065259014273794,DirichletLM
11,Q0,table-1633-834,4,2.5906282745471705,DirichletLM
11,Q0,table-0891-868,5,2.567818171335602,DirichletLM
11,Q0,table-0891-869,6,2.122792703687487,DirichletLM
11,Q0,table-1310-1,7,1.8322710315357007,DirichletLM
11,Q0,table-1482-244,8,1.8128750765259698,DirichletLM
11,Q0,table-1579-543,9,1.7451305980712062,DirichletLM
11,Q0,table-1080-516,10,1.7186893561320535,DirichletLM
11,Q0,table-1501-924,11,1.4083155142029966,DirichletLM
11,Q0,table-1518-448,12,1.4048968039755323,DirichletLM
11,Q0,table-1385-519,13,1.4037590318022959,DirichletLM
11,Q0,table-0754-22,14,1.3997838805818796,DirichletLM
11,Q0,table-0600-600,15,1.1803825011623938,DirichletLM
11,Q0,table-0362-968,16,1.179811249901361,DirichletLM
11,Q0,table-1626-482,17,1.1775285041072407,DirichletLM
11,Q0,table-0179-26,18,1.127231652735659,DirichletLM
11,Q0,table-1416-411,19,1.1192451829244714,DirichletLM
11,Q0,table-0313-781,20,0.9632033562702353,DirichletLM
12,Q0,table-1616-460,1,3.4604812331185815,DirichletLM
12,Q0,table-0154-371,2,2.8587345574538663,DirichletLM
12,Q0,table-0004-229,3,2.5822370715110585,DirichletLM
12,Q0,table-1315-700,4,2.5443624556427262,DirichletLM
12,Q0,table-1520-40,5,2.421274351377558,DirichletLM
12,Q0,table-1028-382,6,2.386524736499145,DirichletLM
12,Q0,table-1653-388,7,1.9590770604856924,DirichletLM
12,Q0,table-1536-952,8,1.9123801828938582,DirichletLM
12,Q0,table-0508-705,9,1.6772835667283623,DirichletLM
12,Q0,table-1204-834,10,1.6755650495020629,DirichletLM
12,Q0,table-1154-432,11,1.6744205075611218,DirichletLM
12,Q0,table-0202-593,12,1.6715631189445666,DirichletLM
12,Q0,table-0046-647,13,1.6681417061768407,DirichletLM
12,Q0,table-0969-18,14,1.6596235056330413,DirichletLM
12,Q0,table-1069-733,15,1.6304771599735248,DirichletLM
12,Q0,table-0146-574,16,1.5494340420501072,DirichletLM
12,Q0,table-0029-940,17,1.5425776566736642,DirichletLM
12,Q0,table-0017-770,18,1.5385930949432423,DirichletLM
12,Q0,table-1581-129,19,1.5289618729593646,DirichletLM
12,Q0,table-1581-128,20,1.52557791118688,DirichletLM
13,Q0,table-1036-133,1,4.799015720455161,DirichletLM
13,Q0,table-1640-284,2,3.1692444739905286,DirichletLM
13,Q0,table-1365-737,3,2.8719700665931978,DirichletLM
13,Q0,table-0610-56,4,2.766850599710892,DirichletLM
13,Q0,table-0263-444,5,2.5674604395499507,DirichletLM
13,Q0,table-0311-394,6,2.5629396551049286,DirichletLM
13,Q0,table-1515-997,7,2.1668722216363463,DirichletLM
13,Q0,table-1647-839,8,1.9657568381753086,DirichletLM
13,Q0,table-0686-862,9,1.9634659368387841,DirichletLM
13,Q0,table-0072-231,10,1.962321167896262,DirichletLM
13,Q0,table-0408-468,11,1.9603946809981174,DirichletLM
13,Q0,table-1447-381,12,1.9588895836482436,DirichletLM
13,Q0,table-0129-161,13,1.9531793302868645,DirichletLM
13,Q0,table-0311-393,14,1.9520386344499965,DirichletLM
13,Q0,table-1243-683,15,1.9497585947566591,DirichletLM
13,Q0,table-1447-380,16,1.945203913334527,DirichletLM
13,Q0,table-1320-890,17,1.9293189101209007,DirichletLM
13,Q0,table-0925-91,18,1.9117538877813745,DirichletLM
13,Q0,table-1475-381,19,1.8947241900185896,DirichletLM
13,Q0,table-1545-121,20,1.8134848581213376,DirichletLM
14,Q0,table-1009-255,1,3.593996885460596,DirichletLM
14,Q0,table-1579-543,2,2.9138761116463274,DirichletLM
14,Q0,table-1281-687,3,2.832417138101381,DirichletLM
14,Q0,table-0415-192,4,2.5811411924047825,DirichletLM
14,Q0,table-1447-122,5,2.563133103049541,DirichletLM
14,Q0,table-1023-380,6,2.1000117319749303,DirichletLM
14,Q0,table-0352-129,7,2.099440480713897,DirichletLM
14,Q0,table-1569-906,8,2.0863637464792477,DirichletLM
14,Q0,table-1344-665,9,1.903535310926993,DirichletLM
14,Q0,table-1358-137,10,1.632626381195868,DirichletLM
14,Q0,table-0729-940,11,1.5162987710369051,DirichletLM
14,Q0,table-1390-315,12,1.5147096588400881,DirichletLM
14,Q0,table-1086-440,13,1.3946471033930912,DirichletLM
14,Q0,table-0513-110,14,1.1857622349044135,DirichletLM
14,Q0,table-1277-865,15,1.1243742641191037,DirichletLM
14,Q0,table-0534-18,16,1.043439655218782,DirichletLM
14,Q0,table-1509-303,17,1.0303835023933356,DirichletLM
14,Q0,table-1553-694,18,0.964923923010707,DirichletLM
14,Q0,table-0468-712,19,0.961484839043936,DirichletLM
14,Q0,table-1277-861,20,0.960340297102995,DirichletLM
15,Q0,table-1413-648,1,2.5350064980579567,DirichletLM
15,Q0,table-0842-845,2,2.4937848577669484,DirichletLM
15,Q0,table-1413-655,3,2.3359755821617694,DirichletLM
15,Q0,table-1107-806,4,2.201275873089319,DirichletLM
15,Q0,table-0352-848,5,2.1967139905868422,DirichletLM
15,Q0,table-1413-652,6,2.0257473757397255,DirichletLM
15,Q0,table-1413-649,7,2.020079744607337,DirichletLM
15,Q0,table-1014-183,8,1.9754396009873643,DirichletLM
15,Q0,table-0960-733,9,1.9690331676400183,DirichletLM
15,Q0,table-0873-938,10,1.6613227507891173,DirichletLM
15,Q0,table-1332-348,11,1.6211000797257782,DirichletLM
15,Q0,table-0311-811,12,1.5893657137793902,DirichletLM
15,Q0,table-0186-670,13,1.550540160565762,DirichletLM
15,Q0,table-0312-67,14,1.4467371794779544,DirichletLM
15,Q0,table-0312-45,15,1.4455896789331912,DirichletLM
15,Q0,table-0312-53,16,1.4444426345603916,DirichletLM
15,Q0,table-0312-46,17,1.4444426345603916,DirichletLM
15,Q0,table-0312-62,18,1.4444426345603916,DirichletLM
15,Q0,table-0312-4,19,1.4444426345603916,DirichletLM
15,Q0,table-0312-70,20,1.4444426345603916,DirichletLM
16,Q0,table-0704-620,1,1.9580495881038857,DirichletLM
16,Q0,table-0218-202,2,1.7379715274180634,DirichletLM
16,Q0,table-1640-1,3,1.412669296815737,DirichletLM
16,Q0,table-0375-763,4,1.2834314590556442,DirichletLM
16,Q0,table-1441-100,5,1.270838164601562,DirichletLM
16,Q0,table-0687-978,6,1.2628392140200675,DirichletLM
16,Q0,table-0375-762,7,1.1970807629266502,DirichletLM
16,Q0,table-0327-289,8,1.1840557110326038,DirichletLM
16,Q0,table-1626-838,9,1.1677546697102401,DirichletLM
16,Q0,table-0056-298,10,1.1660361524839407,DirichletLM
16,Q0,table-0091-144,11,1.0930930088580664,DirichletLM
16,Q0,table-0190-739,12,1.0804755008172555,DirichletLM
16,Q0,table-1375-531,13,1.0781873245817342,DirichletLM
16,Q0,table-0521-373,14,1.0724748101801294,DirichletLM
16,Q0,table-0715-118,15,1.015078798655806,DirichletLM
16,Q0,table-0824-528,16,1.015078798655806,DirichletLM
16,Q0,table-0686-595,17,1.015078798655806,DirichletLM
16,Q0,table-1108-894,18,0.9843256184868849,DirichletLM
16,Q0,table-0290-4,19,0.9831767472466306,DirichletLM
16,Q0,table-0123-682,20,0.9808803761888691,DirichletLM
17,Q0,table-0313-519,1,2.3334080917798485,DirichletLM
17,Q0,table-0087-619,2,2.3128894984616886,DirichletLM
17,Q0,table-1258-777,3,2.194803745377907,DirichletLM
17,Q0,table-0722-993,4,2.1701694711844843,DirichletLM
17,Q0,table-1027-78,5,2.0526555302969376,DirichletLM
17,Q0,table-0653-392,6,2.020155537722147,DirichletLM
17,Q0,table-1365-564,7,1.9767274616239618,DirichletLM
17,Q0,table-0160-841,8,1.9740337347068708,DirichletLM
17,Q0,table-0610-865,9,1.9289695192969605,DirichletLM
17,Q0,table-0890-208,10,1.8655361814624956,DirichletLM
17,Q0,table-1027-79,11,1.8368869763608489,DirichletLM
17,Q0,table-1216-304,12,1.731892762819712,DirichletLM
17,Q0,table-0677-684,13,1.6851087600382157,DirichletLM
17,Q0,table-1195-71,14,1.6450867075868025,DirichletLM
17,Q0,table-0405-96,15,1.6045441308633301,DirichletLM
17,Q0,table-1453-178,16,1.5888061891165706,DirichletLM
17,Q0,table-0731-979,17,1.5259116908836712,DirichletLM
17,Q0,table-1571-18,18,1.5118921271728396,DirichletLM
17,Q0,table-0349-674,19,1.496468327003441,DirichletLM
17,Q0,table-1309-776,20,1.4862162453302368,DirichletLM
18,Q0,table-0871-314,1,2.519879089927151,DirichletLM
18,Q0,table-1515-871,2,1.8891242578956922,DirichletLM
18,Q0,table-0650-177,3,1.8719730874329024,DirichletLM
18,Q0,table-0650-178,4,1.8685550533726518,DirichletLM
18,Q0,table-0650-179,5,1.8594600416443527,DirichletLM
18,Q0,table-0650-180,6,1.8560567897281555,DirichletLM
18,Q0,table-0587-437,7,1.5430717476371818,DirichletLM
18,Q0,table-0884-202,8,1.5362207984389347,DirichletLM
18,Q0,table-0884-203,9,1.5328014141772779,DirichletLM
18,Q0,table-0493-911,10,1.4026398941466218,DirichletLM
18,Q0,table-1161-330,11,1.1354708279182877,DirichletLM
18,Q0,table-1335-335,12,1.1331916883591509,DirichletLM
18,Q0,table-0176-451,13,1.1084649055572149,DirichletLM
18,Q0,table-0024-849,14,1.0867830113434853,DirichletLM
18,Q0,table-0024-850,15,1.0845101557066408,DirichletLM
18,Q0,table-0024-851,16,1.0822390890157796,DirichletLM
18,Q0,table-1526-873,17,1.0697604226012543,DirichletLM
18,Q0,table-1526-870,18,1.0691864440614018,DirichletLM
18,Q0,table-1526-869,19,1.0691864440614018,DirichletLM
18,Q0,table-1134-978,20,1.0691864440614018,DirichletLM
19,Q0,table-1630-520,1,3.409325300913701,DirichletLM
19,Q0,table-1511-448,2,2.5750107949593164,DirichletLM
19,Q0,table-1604-500,3,2.5744592005955376,DirichletLM
19,Q0,table-1593-160,4,2.572805681743024,DirichletLM
19,Q0,table-0090-107,5,2.5172227512437075,DirichletLM
19,Q0,table-0009-819,6,2.443366642461864,DirichletLM
19,Q0,table-0543-163,7,2.099440480713897,DirichletLM
19,Q0,table-0540-631,8,2.096587612390765,DirichletLM
19,Q0,table-0477-224,9,2.0863637464792477,DirichletLM
19,Q0,table-1407-963,10,1.871862701395981,DirichletLM
19,Q0,table-0904-852,11,1.7335129542843501,DirichletLM
19,Q0,table-0747-199,12,1.681876312480169,DirichletLM
19,Q0,table-0578-304,13,1.6801523189977146,DirichletLM
19,Q0,table-0292-548,14,1.6761376611551004,DirichletLM
19,Q0,table-0914-101,15,1.6293287310886617,DirichletLM
19,Q0,table-0914-103,16,1.598955082045143,DirichletLM
19,Q0,table-1453-183,17,1.5809513512068372,DirichletLM
19,Q0,table-0354-325,18,1.547814363635602,DirichletLM
19,Q0,table-0432-545,19,1.4970200218536427,DirichletLM
19,Q0,table-0837-242,20,1.3957774214793943,DirichletLM
20,Q0,table-1525-977,1,4.088923857814485,DirichletLM
20,Q0,table-1051-457,2,2.7090586081369965,DirichletLM
20,Q0,table-0397-906,3,2.659100680673439,DirichletLM
20,Q0,table-0397-591,4,2.6491529555411004,DirichletLM
20,Q0,table-1638-815,5,2.567649960592729,DirichletLM
20,Q0,table-0232-312,6,2.5260719885685754,DirichletLM
20,Q0,table-0552-213,7,2.459033739352617,DirichletLM
20,Q0,table-0552-212,8,2.45789033134012,DirichletLM
20,Q0,table-1168-285,9,2.3666450660386764,DirichletLM
20,Q0,table-1399-484,10,2.3152229509221067,DirichletLM
20,Q0,table-1531-714,11,2.2123306993917744,DirichletLM
20,Q0,table-1420-810,12,1.9935285273058896,DirichletLM
20,Q0,table-0397-907,13,1.9779738261224509,DirichletLM
20,Q0,table-1628-971,14,1.9438172387933235,DirichletLM
20,Q0,table-0636-282,15,1.8895155034724427,DirichletLM
20,Q0,table-0397-592,16,1.82724689459299,DirichletLM
20,Q0,table-1628-969,17,1.7135003989979836,DirichletLM
20,Q0,table-1628-970,18,1.7135003989979836,DirichletLM
20,Q0,table-1531-715,19,1.643951326067275,DirichletLM
20,Q0,table-1323-212,20,1.6428042816944752,DirichletLM
21,Q0,table-1350-462,1,3.8336256537674815,DirichletLM
21,Q0,table-0222-392,2,2.9321600162905095,DirichletLM
21,Q0,table-0492-926,3,2.9235605767171333,DirichletLM
21,Q0,table-0218-112,4,2.9224178479121297,DirichletLM
21,Q0,table-0057-386,5,2.9224178479121297,DirichletLM
21,Q0,table-0825-384,6,2.3903419667214356,DirichletLM
21,Q0,table-1227-229,7,2.14346828602317,DirichletLM
21,Q0,table-0167-101,8,1.8389385472363944,DirichletLM
21,Q0,table-0966-731,9,1.832084876195332,DirichletLM
21,Q0,table-0061-292,10,1.4464677459536983,DirichletLM
21,Q0,table-0546-462,11,1.443024558064219,DirichletLM
21,Q0,table-0611-612,12,1.443024558064219,DirichletLM
21,Q0,table-1003-161,13,1.4407336563666584,DirichletLM
21,Q0,table-0038-57,14,1.4407336563666584,DirichletLM
21,Q0,table-1035-871,15,1.4395895682488977,DirichletLM
21,Q0,table-1636-686,16,0.8968472457363227,DirichletLM
21,Q0,table-1636-829,17,0.8968472457363227,DirichletLM
21,Q0,table-1151-607,18,0.8962723523073609,DirichletLM
21,Q0,table-0098-94,19,0.8962723523073609,DirichletLM
21,Q0,table-0098-92,20,0.8956976878739954,DirichletLM
22,Q0,table-0401-930,1,5.317988609199307,DirichletLM
23,Q0,table-1554-331,1,3.108492593479184,DirichletLM
23,Q0,table-1554-330,2,3.0550478169861863,DirichletLM
23,Q0,table-0389-936,3,1.872430238341295,DirichletLM
23,Q0,table-1226-910,4,1.5822803505790195,DirichletLM
23,Q0,table-1070-326,5,1.4073347628180957,DirichletLM
23,Q0,table-0240-583,6,1.4050511136813766,DirichletLM
23,Q0,table-1204-632,7,1.2372861017996644,DirichletLM
23,Q0,table-0730-168,8,1.2253857441029619,DirichletLM
23,Q0,table-0458-601,9,1.222142025480134,DirichletLM
23,Q0,table-0333-158,10,1.222142025480134,DirichletLM
23,Q0,table-0498-297,11,1.2106965466409498,DirichletLM
23,Q0,table-1203-836,12,1.0646269500127645,DirichletLM
23,Q0,table-1203-868,13,1.0646269500127645,DirichletLM
23,Q0,table-0572-545,14,1.0618552007627107,DirichletLM
23,Q0,table-1280-478,15,1.0431472226023129,DirichletLM
23,Q0,table-1636-132,16,1.001290595767383,DirichletLM
23,Q0,table-0541-604,17,1.0001401211921497,DirichletLM
23,Q0,table-0813-442,18,0.9995652277631879,DirichletLM
23,Q0,table-1587-825,19,0.9989905633298224,DirichletLM
23,Q0,table-0209-363,20,0.9966941919084329,DirichletLM
24,Q0,table-1358-137,1,1.632626381195868,DirichletLM
24,Q0,table-0729-940,2,1.5162987710369051,DirichletLM
24,Q0,table-1277-865,3,1.1243742641191037,DirichletLM
24,Q0,table-1553-694,4,0.964923923010707,DirichletLM
24,Q0,table-0468-712,5,0.961484839043936,DirichletLM
24,Q0,table-1277-861,6,0.960340297102995,DirichletLM
24,Q0,table-0521-808,7,0.9512165035901088,DirichletLM
24,Q0,table-1492-806,8,0.950648177783709,DirichletLM
24,Q0,table-0521-809,9,0.9483771107411085,DirichletLM
24,Q0,table-1361-950,10,0.7750226244839161,DirichletLM
24,Q0,table-1604-677,11,0.7721584285046657,DirichletLM
24,Q0,table-1027-438,12,0.7721584285046657,DirichletLM
24,Q0,table-0386-471,13,0.7704426363806564,DirichletLM
24,Q0,table-0202-593,14,0.7687288824184303,DirichletLM
24,Q0,table-1579-731,15,0.7681580831861025,DirichletLM
24,Q0,table-1277-863,16,0.7670171617815328,DirichletLM
24,Q0,table-1492-808,17,0.7664470392525212,DirichletLM
24,Q0,table-1492-779,18,0.7653074696507043,DirichletLM
24,Q0,table-0166-529,19,0.7641687994725025,DirichletLM
24,Q0,table-1492-778,20,0.7630310272992661,DirichletLM
25,Q0,table-0499-134,1,2.9170335918389503,DirichletLM
25,Q0,table-1280-188,2,2.7645280424568828,DirichletLM
25,Q0,table-0889-965,3,2.712830932835348,DirichletLM
25,Q0,table-0889-966,4,2.701466640548256,DirichletLM
25,Q0,table-1017-262,5,2.6048606820171623,DirichletLM
25,Q0,table-1261-565,6,1.794612949756995,DirichletLM
25,Q0,table-1527-852,7,1.6709391872130583,DirichletLM
25,Q0,table-1544-800,8,1.580148955499256,DirichletLM
25,Q0,table-0584-271,9,1.5103182502796906,DirichletLM
25,Q0,table-0428-815,10,1.4820432657870912,DirichletLM
25,Q0,table-0197-360,11,1.1692338335522032,DirichletLM
25,Q0,table-0197-362,12,1.1692338335522032,DirichletLM
25,Q0,table-0197-361,13,1.1692338335522032,DirichletLM
25,Q0,table-1471-256,14,1.1219307158706422,DirichletLM
25,Q0,table-0539-946,15,1.1219307158706422,DirichletLM
25,Q0,table-0189-459,16,1.112796113601875,DirichletLM
25,Q0,table-1469-454,17,1.0638992021017133,DirichletLM
25,Q0,table-0569-909,18,1.0627566995796478,DirichletLM
25,Q0,table-0569-905,19,1.0627566995796478,DirichletLM
25,Q0,table-0569-906,20,1.0627566995796478,DirichletLM
26,Q0,table-0529-770,1,4.8330245541237336,DirichletLM
26,Q0,table-0529-771,2,4.824028792109485,DirichletLM
26,Q0,table-1479-337,3,3.650478350739273,DirichletLM
26,Q0,table-0713-460,4,3.644789489873091,DirichletLM
26,Q0,table-0387-60,5,2.9912889583906677,DirichletLM
26,Q0,table-0375-831,6,2.8310318980728995,DirichletLM
26,Q0,table-0375-830,7,2.8310318980728995,DirichletLM
26,Q0,table-1108-641,8,2.6261276019142628,DirichletLM
26,Q0,table-1378-44,9,2.6089526384133723,DirichletLM
26,Q0,table-0218-222,10,2.5579801009338627,DirichletLM
26,Q0,table-0456-95,11,2.4481717788107558,DirichletLM
26,Q0,table-0480-47,12,2.443665116993619,DirichletLM
26,Q0,table-0740-646,13,2.3551694358688327,DirichletLM
26,Q0,table-0952-496,14,2.350896344950012,DirichletLM
26,Q0,table-0420-837,15,2.3460167294877516,DirichletLM
26,Q0,table-0978-762,16,2.3460167294877516,DirichletLM
26,Q0,table-0492-926,17,2.3460167294877516,DirichletLM
26,Q0,table-0420-793,18,2.3391617136388474,DirichletLM
26,Q0,table-0349-8,19,2.3391617136388474,DirichletLM
26,Q0,table-0180-427,20,2.3345962227649935,DirichletLM
27,Q0,table-0012-931,1,2.991948301139317,DirichletLM
27,Q0,table-1258-760,2,2.957369005757318,DirichletLM
27,Q0,table-1397-842,3,2.501899779399813,DirichletLM
27,Q0,table-0415-192,4,1.574739290463933,DirichletLM
27,Q0,table-0610-22,5,1.367039474887933,DirichletLM
27,Q0,table-0065-495,6,1.3239874455422957,DirichletLM
27,Q0,table-0498-294,7,1.1638459347335601,DirichletLM
27,Q0,table-0498-295,8,1.1627299455176452,DirichletLM
27,Q0,table-0498-296,9,1.1086247861778644,DirichletLM
27,Q0,table-0610-21,10,0.9873159939330577,DirichletLM
27,Q0,table-0356-179,11,0.9822131175703841,DirichletLM
27,Q0,table-1071-345,12,0.9256078207253271,DirichletLM
27,Q0,table-0296-506,13,0.8432978981903697,DirichletLM
27,Q0,table-0007-925,14,0.8410133449958158,DirichletLM
27,Q0,table-0007-924,15,0.8387324037445774,DirichletLM
27,Q0,table-0342-607,16,0.8006198367654587,DirichletLM
27,Q0,table-1533-500,17,0.7940203337509504,DirichletLM
27,Q0,table-1069-625,18,0.7764477600347071,DirichletLM
27,Q0,table-0224-786,19,0.7359565131214535,DirichletLM
27,Q0,table-0108-87,20,0.656719849202095,DirichletLM
28,Q0,table-1548-900,1,3.045487274205903,DirichletLM
28,Q0,table-0833-571,2,2.6532340254531737,DirichletLM
28,Q0,table-1117-4,3,2.634246315900164,DirichletLM
28,Q0,table-1116-768,4,2.6308201645989975,DirichletLM
28,Q0,table-1117-80,5,2.629679017626726,DirichletLM
28,Q0,table-1116-904,6,2.6273980767318346,DirichletLM
28,Q0,table-0230-966,7,2.565410443760607,DirichletLM
28,Q0,table-0769-303,8,2.235292455006535,DirichletLM
28,Q0,table-1320-478,9,2.235292455006535,DirichletLM
28,Q0,table-0050-517,10,2.0555211201367323,DirichletLM
28,Q0,table-1571-795,11,1.874732068970223,DirichletLM
28,Q0,table-1478-737,12,1.7925402419569292,DirichletLM
28,Q0,table-0011-447,13,1.784560083098372,DirichletLM
28,Q0,table-0011-449,14,1.784560083098372,DirichletLM
28,Q0,table-1607-162,15,1.4886492445178234,DirichletLM
28,Q0,table-1458-711,16,1.4846297930477068,DirichletLM
28,Q0,table-1455-264,17,1.4840564987660168,DirichletLM
28,Q0,table-0213-664,18,1.4823379815397173,DirichletLM
28,Q0,table-1472-114,19,1.4823379815397173,DirichletLM
28,Q0,table-0514-801,20,1.4703653398736412,DirichletLM
29,Q0,table-1020-936,1,2.419003284334958,DirichletLM
29,Q0,table-0246-292,2,2.2131723271989148,DirichletLM
29,Q0,table-0357-944,3,1.9464528113201862,DirichletLM
29,Q0,table-0357-162,4,1.9464528113201862,DirichletLM
29,Q0,table-0355-804,5,1.9464528113201862,DirichletLM
29,Q0,table-0357-364,6,1.945312566262163,DirichletLM
29,Q0,table-0428-118,7,1.9441727716268487,DirichletLM
29,Q0,table-0358-30,8,1.9441727716268487,DirichletLM
29,Q0,table-0428-156,9,1.9441727716268487,DirichletLM
29,Q0,table-0356-511,10,1.9441727716268487,DirichletLM
29,Q0,table-0355-422,11,1.9441727716268487,DirichletLM
29,Q0,table-0427-705,12,1.9441727716268487,DirichletLM
29,Q0,table-0357-725,13,1.9441727716268487,DirichletLM
29,Q0,table-0427-703,14,1.9441727716268487,DirichletLM
29,Q0,table-0428-148,15,1.9441727716268487,DirichletLM
29,Q0,table-0357-260,16,1.9441727716268487,DirichletLM
29,Q0,table-0356-174,17,1.9441727716268487,DirichletLM
29,Q0,table-0356-842,18,1.9441727716268487,DirichletLM
29,Q0,table-0427-720,19,1.9441727716268487,DirichletLM
29,Q0,table-0428-136,20,1.9430334270585292,DirichletLM
30,Q0,table-0884-479,1,2.7052386683448004,DirichletLM
30,Q0,table-1576-435,2,2.349674966987288,DirichletLM
30,Q0,table-1576-434,3,2.3439567865292013,DirichletLM
30,Q0,table-1570-980,4,2.342815865124632,DirichletLM
30,Q0,table-0465-949,5,2.3186939719036253,DirichletLM
30,Q0,table-1444-13,6,1.8930757135138454,DirichletLM
30,Q0,table-0513-709,7,1.8913646695802642,DirichletLM
30,Q0,table-1000-972,8,1.7309589728111536,DirichletLM
30,Q0,table-0971-924,9,1.7036306856648773,DirichletLM
30,Q0,table-1012-982,10,1.6165278158445364,DirichletLM
30,Q0,table-1068-320,11,1.611973131585103,DirichletLM
30,Q0,table-0458-122,12,1.5377451929521568,DirichletLM
30,Q0,table-1444-126,13,1.4155357691294703,DirichletLM
30,Q0,table-0010-999,14,1.4103802125736777,DirichletLM
30,Q0,table-1512-23,15,1.4063830339683057,DirichletLM
30,Q0,table-1253-980,16,1.2399297525752713,DirichletLM
30,Q0,table-1253-970,17,1.2399297525752713,DirichletLM
30,Q0,table-1253-973,18,1.239356686017234,DirichletLM
30,Q0,table-1253-975,19,1.2387838470020094,DirichletLM
30,Q0,table-1253-972,20,1.2387838470020094,DirichletLM
31,Q0,table-1280-478,1,2.299454016374135,DirichletLM
31,Q0,table-1591-498,2,1.6569558539581697,DirichletLM
31,Q0,table-1037-819,3,1.6335016121721202,DirichletLM
31,Q0,table-1437-521,4,1.6035949747070881,DirichletLM
31,Q0,table-1550-209,5,1.5685070617135535,DirichletLM
31,Q0,table-1420-810,6,1.560188854217641,DirichletLM
31,Q0,table-0202-113,7,1.4886205784968942,DirichletLM
31,Q0,table-0232-312,8,1.3841877918113092,DirichletLM
31,Q0,table-1168-285,9,1.3764343257127596,DirichletLM
31,Q0,table-1244-685,10,1.3508812240694335,DirichletLM
31,Q0,table-1567-896,11,1.3329143680521323,DirichletLM
31,Q0,table-1051-457,12,1.329945562491251,DirichletLM
31,Q0,table-1550-207,13,1.3294007001421857,DirichletLM
31,Q0,table-1627-2,14,1.322530722314576,DirichletLM
31,Q0,table-0397-907,15,1.3188221840195404,DirichletLM
31,Q0,table-0397-906,16,1.3177145486170414,DirichletLM
31,Q0,table-0397-591,17,1.3127406860508721,DirichletLM
31,Q0,table-1287-861,18,1.2666139011353246,DirichletLM
31,Q0,table-1549-983,19,1.2276071176599344,DirichletLM
31,Q0,table-1550-206,20,1.219007700718734,DirichletLM
32,Q0,table-1090-435,1,3.290155748832883,DirichletLM
32,Q0,table-0625-421,2,3.1877500317897454,DirichletLM
32,Q0,table-1604-759,3,2.9172867398089792,DirichletLM
32,Q0,table-1604-743,4,2.915580417858576,DirichletLM
32,Q0,table-1421-943,5,2.4378860680406977,DirichletLM
32,Q0,table-0972-522,6,2.427538282847961,DirichletLM
32,Q0,table-0263-897,7,2.1946524638120555,DirichletLM
32,Q0,table-0092-585,8,2.125396330970525,DirichletLM
32,Q0,table-0450-575,9,2.025234839008645,DirichletLM
32,Q0,table-1421-186,10,1.989745522689105,DirichletLM
32,Q0,table-0088-841,11,1.7994101830497569,DirichletLM
32,Q0,table-0420-88,12,1.7632674654786857,DirichletLM
32,Q0,table-1250-616,13,1.7558441221534635,DirichletLM
32,Q0,table-1631-88,14,1.7198451851875571,DirichletLM
32,Q0,table-0092-395,15,1.7022337997741677,DirichletLM
32,Q0,table-1615-399,16,1.6813014190512072,DirichletLM
32,Q0,table-0144-887,17,1.6755650495020629,DirichletLM
32,Q0,table-1558-845,18,1.6755650495020629,DirichletLM
32,Q0,table-1304-270,19,1.6727053953628221,DirichletLM
32,Q0,table-1636-103,20,1.6647283882418358,DirichletLM
33,Q0,table-1195-71,1,1.6450867075868025,DirichletLM
33,Q0,table-1453-178,2,1.5888061891165706,DirichletLM
33,Q0,table-0153-339,3,1.5150812614149303,DirichletLM
33,Q0,table-1585-588,4,1.203795751064618,DirichletLM
33,Q0,table-1453-697,5,1.163349702400496,DirichletLM
33,Q0,table-0800-191,6,1.1587787835957972,DirichletLM
33,Q0,table-0787-879,7,1.1559292961182264,DirichletLM
33,Q0,table-0326-510,8,1.0615481424995465,DirichletLM
33,Q0,table-0031-124,9,1.0541247991743243,DirichletLM
33,Q0,table-1258-777,10,1.053555351746016,DirichletLM
33,Q0,table-0541-196,11,1.052417130747418,DirichletLM
33,Q0,table-0677-684,12,1.0495755008334704,DirichletLM
33,Q0,table-0253-590,13,1.0495755008334704,DirichletLM
33,Q0,table-0215-300,14,0.9509249151527859,DirichletLM
33,Q0,table-1249-780,15,0.9503511648804043,DirichletLM
33,Q0,table-0259-373,16,0.9497776426940044,DirichletLM
33,Q0,table-0152-679,17,0.9492043484123143,DirichletLM
33,Q0,table-0401-152,18,0.9492043484123143,DirichletLM
33,Q0,table-0401-153,19,0.9474858311860149,DirichletLM
33,Q0,table-0293-211,20,0.9474858311860149,DirichletLM
34,Q0,table-0218-202,1,3.5608114427551927,DirichletLM
34,Q0,table-1087-909,2,3.557817449644426,DirichletLM
34,Q0,table-0291-10,3,3.444907369747655,DirichletLM
34,Q0,table-0279-851,4,3.4363555068828493,DirichletLM
34,Q0,table-1612-42,5,0.9013033806017592,DirichletLM
34,Q0,table-1612-2,6,0.6648700066514462,DirichletLM
34,Q0,table-1616-344,7,0.6608601310161158,DirichletLM
34,Q0,table-1612-120,8,0.5734170018512882,DirichletLM
34,Q0,table-1612-250,9,0.5728430233114359,DirichletLM
34,Q0,table-1611-457,10,0.5728430233114359,DirichletLM
34,Q0,table-1612-47,11,0.5728430233114359,DirichletLM
34,Q0,table-1611-581,12,0.5728430233114359,DirichletLM
34,Q0,table-1609-796,13,0.5728430233114359,DirichletLM
34,Q0,table-1612-191,14,0.5728430233114359,DirichletLM
34,Q0,table-1612-125,15,0.5722692730390543,DirichletLM
34,Q0,table-1612-225,16,0.5722692730390543,DirichletLM
34,Q0,table-1611-513,17,0.5722692730390543,DirichletLM
34,Q0,table-1611-569,18,0.5716957508526544,DirichletLM
34,Q0,table-1612-41,19,0.5716957508526544,DirichletLM
34,Q0,table-1611-907,20,0.5716957508526544,DirichletLM
35,Q0,table-1234-564,1,4.563470846219067,DirichletLM
35,Q0,table-0709-586,2,4.172601653310544,DirichletLM
35,Q0,table-0379-43,3,3.9047983889126936,DirichletLM
35,Q0,table-0981-339,4,3.7073924409684125,DirichletLM
35,Q0,table-1080-585,5,3.665536356713755,DirichletLM
35,Q0,table-0709-584,6,3.6309624000735257,DirichletLM
35,Q0,table-0598-146,7,3.598996829014169,DirichletLM
35,Q0,table-1402-905,8,3.3237138911798114,DirichletLM
35,Q0,table-1489-449,9,2.8300889717262034,DirichletLM
35,Q0,table-0452-590,10,2.5863375776587616,DirichletLM
35,Q0,table-1333-198,11,2.28688883639997,DirichletLM
35,Q0,table-0243-845,12,2.1946524638120555,DirichletLM
35,Q0,table-0735-912,13,2.1925618720508373,DirichletLM
35,Q0,table-0809-4,14,1.8792849565070446,DirichletLM
35,Q0,table-0352-87,15,1.6762225688219174,DirichletLM
35,Q0,table-0310-406,16,1.5448701841592203,DirichletLM
35,Q0,table-0538-335,17,1.4874996866554961,DirichletLM
35,Q0,table-1017-458,18,1.4789070761394438,DirichletLM
35,Q0,table-0378-500,19,1.4789070761394438,DirichletLM
35,Q0,table-0328-61,20,1.478336050982221,DirichletLM
36,Q0,table-0709-586,1,4.172601653310544,DirichletLM
36,Q0,table-0709-584,2,3.6309624000735257,DirichletLM
36,Q0,table-0598-146,3,3.598996829014169,DirichletLM
36,Q0,table-1402-905,4,3.3237138911798114,DirichletLM
36,Q0,table-0176-187,5,2.910561142926544,DirichletLM
36,Q0,table-0351-399,6,2.882519287938145,DirichletLM
36,Q0,table-0062-22,7,2.794020089726081,DirichletLM
36,Q0,table-1333-198,8,2.28688883639997,DirichletLM
36,Q0,table-0351-374,9,2.2681349162753937,DirichletLM
36,Q0,table-0359-356,10,2.2664225183997075,DirichletLM
36,Q0,table-0735-912,11,2.1925618720508373,DirichletLM
36,Q0,table-0633-54,12,1.8316968245466723,DirichletLM
36,Q0,table-0249-249,13,1.8299755735480385,DirichletLM
36,Q0,table-0625-924,14,1.8288292127083112,DirichletLM
36,Q0,table-0452-590,15,1.6810097995033746,DirichletLM
36,Q0,table-0352-87,16,1.6762225688219174,DirichletLM
36,Q0,table-0310-406,17,1.5448701841592203,DirichletLM
36,Q0,table-0245-556,18,1.3670593550971615,DirichletLM
36,Q0,table-1489-146,19,1.3670593550971615,DirichletLM
36,Q0,table-1647-305,20,1.3659141317910863,DirichletLM
37,Q0,table-1090-435,1,3.290155748832883,DirichletLM
37,Q0,table-1604-759,2,2.9172867398089792,DirichletLM
37,Q0,table-1604-743,3,2.915580417858576,DirichletLM
37,Q0,table-1421-943,4,2.498155180073397,DirichletLM
37,Q0,table-0972-522,5,2.427538282847961,DirichletLM
37,Q0,table-0450-575,6,2.025234839008645,DirichletLM
37,Q0,table-0704-620,7,1.9580495881038857,DirichletLM
37,Q0,table-1304-270,8,1.8822658148456533,DirichletLM
37,Q0,table-0088-841,9,1.7994101830497569,DirichletLM
37,Q0,table-0218-202,10,1.7379715274180634,DirichletLM
37,Q0,table-0092-395,11,1.7022337997741677,DirichletLM
37,Q0,table-1615-399,12,1.6813014190512072,DirichletLM
37,Q0,table-1558-845,13,1.6755650495020629,DirichletLM
37,Q0,table-0144-887,14,1.6755650495020629,DirichletLM
37,Q0,table-1636-103,15,1.6647283882418358,DirichletLM
37,Q0,table-0687-978,16,1.6119445380817259,DirichletLM
37,Q0,table-1640-1,17,1.412669296815737,DirichletLM
37,Q0,table-0154-371,18,1.3741918449793824,DirichletLM
37,Q0,table-0375-763,19,1.2834314590556442,DirichletLM
37,Q0,table-1441-100,20,1.270838164601562,DirichletLM
38,Q0,table-1451-328,1,3.530385078853115,DirichletLM
38,Q0,table-1017-538,2,3.235472364095053,DirichletLM
38,Q0,table-1388-470,3,2.5119580492906395,DirichletLM
38,Q0,table-0507-56,4,2.0577940738777056,DirichletLM
38,Q0,table-1292-436,5,2.0566495319367646,DirichletLM
38,Q0,table-0107-797,6,2.056077601288684,DirichletLM
38,Q0,table-1650-920,7,2.054934419738465,DirichletLM
38,Q0,table-0116-212,8,2.0515103001543,DirichletLM
38,Q0,table-0520-707,9,1.7359390730055497,DirichletLM
38,Q0,table-0324-731,10,1.370715168293549,DirichletLM
38,Q0,table-1081-271,11,1.3667005104509349,DirichletLM
38,Q0,table-1304-396,12,1.3286438088565764,DirichletLM
38,Q0,table-1165-475,13,1.3286438088565764,DirichletLM
38,Q0,table-1262-717,14,1.1224979667134678,DirichletLM
38,Q0,table-1274-494,15,0.9400226794653448,DirichletLM
38,Q0,table-0066-52,16,0.9383021127248732,DirichletLM
38,Q0,table-0014-364,17,0.9371562071516114,DirichletLM
38,Q0,table-1640-953,18,0.9371562071516114,DirichletLM
38,Q0,table-1035-439,19,0.9360112110273129,DirichletLM
38,Q0,table-0364-266,20,0.9354390535576328,DirichletLM
39,Q0,table-0891-332,1,3.2984468160627856,DirichletLM
39,Q0,table-0752-77,2,2.9323436471381417,DirichletLM
39,Q0,table-0657-210,3,2.7792743333111005,DirichletLM
39,Q0,table-0191-235,4,2.6380718034986996,DirichletLM
39,Q0,table-0752-76,5,2.440957677378629,DirichletLM
39,Q0,table-1524-733,6,2.3877161049280633,DirichletLM
39,Q0,table-1169-102,7,2.3791642420632577,DirichletLM
39,Q0,table-0116-621,8,1.9389809447847326,DirichletLM
39,Q0,table-1579-543,9,1.9229952406120332,DirichletLM
39,Q0,table-1571-795,10,1.9175762443922229,DirichletLM
39,Q0,table-0919-677,11,1.761550992889664,DirichletLM
39,Q0,table-0859-979,12,1.760407811339445,DirichletLM
39,Q0,table-0859-966,13,1.760407811339445,DirichletLM
39,Q0,table-1528-556,14,1.7473259216096642,DirichletLM
39,Q0,table-1636-696,15,1.7059992434829931,DirichletLM
39,Q0,table-1359-325,16,1.7002765265747302,DirichletLM
39,Q0,table-0592-700,17,1.6974236582515982,DirichletLM
39,Q0,table-0441-859,18,1.6968537609339411,DirichletLM
39,Q0,table-0908-336,19,1.694576420222875,DirichletLM
39,Q0,table-0183-58,20,1.6928707707147765,DirichletLM
40,Q0,table-0484-507,1,2.216868797866144,DirichletLM
40,Q0,table-0929-4,2,2.135143211000907,DirichletLM
40,Q0,table-0418-322,3,2.1334561770442297,DirichletLM
40,Q0,table-1258-365,4,2.132894270497345,DirichletLM
40,Q0,table-0925-717,5,2.0364077907959013,DirichletLM
40,Q0,table-1630-658,6,1.9942946126886865,DirichletLM
40,Q0,table-1053-499,7,1.7697868654212177,DirichletLM
40,Q0,table-1045-652,8,1.6278829322229869,DirichletLM
40,Q0,table-0780-807,9,1.6245332785469198,DirichletLM
40,Q0,table-1455-161,10,1.6228140786919678,DirichletLM
40,Q0,table-0222-36,11,1.617668737249106,DirichletLM
40,Q0,table-1031-634,12,1.6165278158445364,DirichletLM
40,Q0,table-1269-149,13,1.6073137276999465,DirichletLM
40,Q0,table-1455-165,14,1.450461339746426,DirichletLM
40,Q0,table-1486-330,15,1.4487435046069028,DirichletLM
40,Q0,table-0100-968,16,1.4418925457529417,DirichletLM
40,Q0,table-0273-259,17,1.4401848773260353,DirichletLM
40,Q0,table-0331-446,18,1.4305460850583238,DirichletLM
40,Q0,table-0880-38,19,1.3529924167009124,DirichletLM
40,Q0,table-1364-680,20,1.3429983753803771,DirichletLM
41,Q0,table-0452-590,1,3.545798359804982,DirichletLM
41,Q0,table-0401-930,2,2.1737065528183095,DirichletLM
41,Q0,table-1090-244,3,2.1647422052757275,DirichletLM
41,Q0,table-1090-240,4,2.1613948834936165,DirichletLM
41,Q0,table-1090-243,5,2.1613948834936165,DirichletLM
41,Q0,table-1090-242,6,2.1608377508198116,DirichletLM
41,Q0,table-1090-239,7,2.1580553101484847,DirichletLM
41,Q0,table-1090-241,8,2.155833214921527,DirichletLM
41,Q0,table-1090-238,9,2.1536145369896156,DirichletLM
41,Q0,table-0875-234,10,2.151894758919642,DirichletLM
41,Q0,table-0875-227,11,1.9501121264797576,DirichletLM
41,Q0,table-0875-235,12,1.5749747742661109,DirichletLM
41,Q0,table-0750-129,13,1.4387676645258725,DirichletLM
41,Q0,table-0750-134,14,1.438201568759971,DirichletLM
41,Q0,table-0875-223,15,1.4365046130173034,DirichletLM
41,Q0,table-0750-128,16,1.4365046130173034,DirichletLM
41,Q0,table-0875-224,17,1.4342451058351784,DirichletLM
41,Q0,table-0875-237,18,1.4331166779005358,DirichletLM
41,Q0,table-0750-136,19,1.4319891318948104,DirichletLM
41,Q0,table-0875-228,20,1.430862466440526,DirichletLM
42,Q0,table-0108-87,1,4.158802077848656,DirichletLM
42,Q0,table-0012-931,2,2.991948301139317,DirichletLM
42,Q0,table-1258-760,3,2.957369005757318,DirichletLM
42,Q0,table-1397-842,4,2.501899779399813,DirichletLM
42,Q0,table-1396-734,5,2.1432866084443294,DirichletLM
42,Q0,table-1369-411,6,1.8646248686315088,DirichletLM
42,Q0,table-0498-296,7,1.693962061557808,DirichletLM
42,Q0,table-0415-192,8,1.574739290463933,DirichletLM
42,Q0,table-1396-735,9,1.5248505171452789,DirichletLM
42,Q0,table-0212-250,10,1.3769266309839552,DirichletLM
42,Q0,table-0498-298,11,1.3682161046466503,DirichletLM
42,Q0,table-0610-22,12,1.367039474887933,DirichletLM
42,Q0,table-0065-495,13,1.3239874455422957,DirichletLM
42,Q0,table-0302-912,14,1.2732542121961674,DirichletLM
42,Q0,table-1567-894,15,1.2401736710132352,DirichletLM
42,Q0,table-0498-294,16,1.1638459347335601,DirichletLM
42,Q0,table-0498-295,17,1.1627299455176452,DirichletLM
42,Q0,table-1396-736,18,1.1147013508050108,DirichletLM
42,Q0,table-1396-737,19,1.1130182533221367,DirichletLM
42,Q0,table-1396-738,20,1.1012548619383362,DirichletLM
43,Q0,table-1137-398,1,3.1815668568790736,DirichletLM
43,Q0,table-0458-122,2,2.928277101838543,DirichletLM
43,Q0,table-1603-678,3,2.3842892742411252,DirichletLM
43,Q0,table-1646-857,4,2.154859247228096,DirichletLM
43,Q0,table-0116-621,5,1.9389809447847326,DirichletLM
43,Q0,table-1391-645,6,1.935540493931147,DirichletLM
43,Q0,table-0441-134,7,1.9229952406120332,DirichletLM
43,Q0,table-0503-892,8,1.9184602426431863,DirichletLM
43,Q0,table-0634-466,9,1.2666188445731212,DirichletLM
43,Q0,table-1603-684,10,1.2649037323748216,DirichletLM
43,Q0,table-1394-430,11,1.263761455956566,DirichletLM
43,Q0,table-0116-212,12,1.261479612790657,DirichletLM
43,Q0,table-1612-42,13,0.9013033806017592,DirichletLM
43,Q0,table-1612-2,14,0.6648700066514462,DirichletLM
43,Q0,table-1616-344,15,0.6608601310161158,DirichletLM
43,Q0,table-1612-120,16,0.5734170018512882,DirichletLM
43,Q0,table-1611-457,17,0.5728430233114359,DirichletLM
43,Q0,table-1611-581,18,0.5728430233114359,DirichletLM
43,Q0,table-1612-250,19,0.5728430233114359,DirichletLM
43,Q0,table-1612-47,20,0.5728430233114359,DirichletLM
44,Q0,table-0145-207,1,4.488282601274933,DirichletLM
44,Q0,table-0393-510,2,3.3468942803699955,DirichletLM
44,Q0,table-1146-968,3,2.654463486917509,DirichletLM
44,Q0,table-0698-538,4,2.6298973194260906,DirichletLM
44,Q0,table-0645-283,5,2.204841969729042,DirichletLM
44,Q0,table-1452-308,6,2.090671319667403,DirichletLM
44,Q0,table-0073-740,7,2.082676962456659,DirichletLM
44,Q0,table-1528-923,8,2.0603276815888134,DirichletLM
44,Q0,table-1562-617,9,2.054322334665876,DirichletLM
44,Q0,table-0412-643,10,2.0463311404096056,DirichletLM
44,Q0,table-1428-973,11,1.8039044961974133,DirichletLM
44,Q0,table-1007-951,12,1.715041032246592,DirichletLM
44,Q0,table-0214-231,13,1.7118315040607448,DirichletLM
44,Q0,table-1189-902,14,1.7114019269918663,DirichletLM
44,Q0,table-0255-240,15,1.7070387412968873,DirichletLM
44,Q0,table-1510-14,16,1.696691967764228,DirichletLM
44,Q0,table-1090-241,17,1.6765688125836051,DirichletLM
44,Q0,table-0625-421,18,1.6682346254917546,DirichletLM
44,Q0,table-1008-630,19,1.5942700494027688,DirichletLM
44,Q0,table-1008-629,20,1.5931225488580059,DirichletLM
45,Q0,table-0854-862,1,5.264612332928756,DirichletLM
45,Q0,table-0774-562,2,4.7824197835482565,DirichletLM
45,Q0,table-0858-75,3,4.229830612617772,DirichletLM
45,Q0,table-0497-395,4,3.097622284622055,DirichletLM
45,Q0,table-0854-819,5,2.8803923086926493,DirichletLM
45,Q0,table-1599-399,6,2.2532552395849863,DirichletLM
45,Q0,table-0326-223,7,2.2509670629897163,DirichletLM
45,Q0,table-1329-502,8,2.242986904131159,DirichletLM
45,Q0,table-1334-798,9,2.2424185783247594,DirichletLM
45,Q0,table-1334-781,10,2.240714942967306,DirichletLM
45,Q0,table-1191-502,11,1.984535813778356,DirichletLM
45,Q0,table-1014-776,12,1.9833937634639103,DirichletLM
45,Q0,table-0982-834,13,1.9822521649992546,DirichletLM
45,Q0,table-1336-199,14,1.8907067751652176,DirichletLM
45,Q0,table-0998-663,15,1.835052967934963,DirichletLM
45,Q0,table-0611-902,16,1.7634123065041984,DirichletLM
45,Q0,table-0467-527,17,1.6538666825581632,DirichletLM
45,Q0,table-0622-407,18,1.5500859618555598,DirichletLM
45,Q0,table-0948-51,19,1.5220088990893232,DirichletLM
45,Q0,table-0765-188,20,1.5197234414793168,DirichletLM
46,Q0,table-1138-918,1,3.389681290285077,DirichletLM
46,Q0,table-0389-936,2,3.2743297896172128,DirichletLM
46,Q0,table-0183-58,3,3.2043254004216846,DirichletLM
46,Q0,table-0197-91,4,3.2017767209674055,DirichletLM
46,Q0,table-1355-572,5,2.988305085557605,DirichletLM
46,Q0,table-0182-827,6,2.625066087466037,DirichletLM
46,Q0,table-1602-828,7,2.5573557951958152,DirichletLM
46,Q0,table-1492-780,8,2.2324328008672945,DirichletLM
46,Q0,table-1390-891,9,2.069972694115638,DirichletLM
46,Q0,table-1442-90,10,2.0622917454050844,DirichletLM
46,Q0,table-1602-829,11,1.7886450828402742,DirichletLM
46,Q0,table-0649-710,12,1.5609787056192737,DirichletLM
46,Q0,table-0722-993,13,1.3588849490426471,DirichletLM
46,Q0,table-0077-438,14,1.2837222591185253,DirichletLM
46,Q0,table-0434-898,15,1.2042384244419342,DirichletLM
46,Q0,table-0814-491,16,1.1519139914445344,DirichletLM
46,Q0,table-0765-619,17,1.1319255238404395,DirichletLM
46,Q0,table-1353-79,18,1.0263423781684449,DirichletLM
46,Q0,table-1393-928,19,0.973373169496061,DirichletLM
46,Q0,table-1536-230,20,0.9064887044927901,DirichletLM
47,Q0,table-1195-71,1,1.6450867075868025,DirichletLM
47,Q0,table-1453-178,2,1.5888061891165706,DirichletLM
47,Q0,table-0415-192,3,1.574739290463933,DirichletLM
47,Q0,table-0253-590,4,1.5522642999185539,DirichletLM
47,Q0,table-1585-588,5,1.4245149337544467,DirichletLM
47,Q0,table-0031-124,6,1.2691371111279526,DirichletLM
47,Q0,table-0224-786,7,1.2304861801146367,DirichletLM
47,Q0,table-0498-294,8,1.200190147473317,DirichletLM
47,Q0,table-0498-295,9,1.199074158257402,DirichletLM
47,Q0,table-0498-296,10,1.1449689989176213,DirichletLM
47,Q0,table-1585-589,11,1.1229002062211773,DirichletLM
47,Q0,table-1027-79,12,1.1114774277168884,DirichletLM
47,Q0,table-1197-684,13,1.0946976004174904,DirichletLM
47,Q0,table-0728-796,14,1.0935613963934454,DirichletLM
47,Q0,table-0326-510,15,1.0615481424995465,DirichletLM
47,Q0,table-1258-777,16,1.053555351746016,DirichletLM
47,Q0,table-0541-196,17,1.052417130747418,DirichletLM
47,Q0,table-0677-684,18,1.0495755008334704,DirichletLM
47,Q0,table-0087-619,19,1.0482640356407023,DirichletLM
47,Q0,table-0927-516,20,1.0198417282121055,DirichletLM
48,Q0,table-1137-398,1,2.53323626843143,DirichletLM
48,Q0,table-0055-698,2,2.371219291980802,DirichletLM
48,Q0,table-1171-215,3,2.3494052340192506,DirichletLM
48,Q0,table-1628-799,4,2.128005426419497,DirichletLM
48,Q0,table-0855-314,5,2.1222849786357014,DirichletLM
48,Q0,table-1571-62,6,1.8188745737375638,DirichletLM
48,Q0,table-1461-956,7,1.426852830743225,DirichletLM
48,Q0,table-0208-138,8,1.4239829371354358,DirichletLM
48,Q0,table-0208-139,9,1.4239829371354358,DirichletLM
48,Q0,table-0371-97,10,1.4211187411561852,DirichletLM
48,Q0,table-1135-687,11,1.4211187411561852,DirichletLM
48,Q0,table-1390-665,12,1.419402949032176,DirichletLM
48,Q0,table-0459-647,13,1.4188314714882055,DirichletLM
48,Q0,table-1434-216,14,1.4119913399507857,DirichletLM
48,Q0,table-1612-42,15,0.9013033806017592,DirichletLM
48,Q0,table-0456-40,16,0.881931914286262,DirichletLM
48,Q0,table-1635-745,17,0.880208607243741,DirichletLM
48,Q0,table-0107-797,18,0.874479072148096,DirichletLM
48,Q0,table-0326-223,19,0.8739073681418474,DirichletLM
48,Q0,table-0625-86,20,0.8704818935427239,DirichletLM
49,Q0,table-1533-500,1,3.660698133691789,DirichletLM
49,Q0,table-1452-662,2,3.3051884182540654,DirichletLM
49,Q0,table-0031-124,3,2.8015445627381332,DirichletLM
49,Q0,table-1424-937,4,2.62759867293667,DirichletLM
49,Q0,table-1424-932,5,2.62759867293667,DirichletLM
49,Q0,table-1310-170,6,2.3630142957017175,DirichletLM
49,Q0,table-1287-554,7,2.2446430736760385,DirichletLM
49,Q0,table-0019-690,8,1.957711847225191,DirichletLM
49,Q0,table-0277-273,9,1.9400215414425415,DirichletLM
49,Q0,table-1640-352,10,1.797766501632072,DirichletLM
49,Q0,table-0948-802,11,1.7512948238126096,DirichletLM
49,Q0,table-0346-490,12,1.699605270808194,DirichletLM
49,Q0,table-1522-309,13,1.6976343249604597,DirichletLM
49,Q0,table-1069-815,14,1.6579387551877283,DirichletLM
49,Q0,table-0404-288,15,1.6062332759990245,DirichletLM
49,Q0,table-0497-834,16,1.5868566946325693,DirichletLM
49,Q0,table-0846-443,17,1.5868566946325693,DirichletLM
49,Q0,table-0415-192,18,1.574739290463933,DirichletLM
49,Q0,table-1502-45,19,1.4929731687129524,DirichletLM
49,Q0,table-1567-897,20,1.4850040452521087,DirichletLM
50,Q0,table-0197-91,1,4.394947213469759,DirichletLM
50,Q0,table-0513-110,2,3.143966722851805,DirichletLM
50,Q0,table-1541-685,3,3.0938897764713342,DirichletLM
50,Q0,table-1511-48,4,2.69494608738046,DirichletLM
50,Q0,table-1405-724,5,2.552669599852568,DirichletLM
50,Q0,table-0227-700,6,2.5048972361280035,DirichletLM
50,Q0,table-0666-479,7,2.3130279289206968,DirichletLM
50,Q0,table-0741-866,8,2.128450924605975,DirichletLM
50,Q0,table-0668-241,9,2.0800559491426194,DirichletLM
50,Q0,table-1005-137,10,2.0777650478060945,DirichletLM
50,Q0,table-1005-954,11,2.0777650478060945,DirichletLM
50,Q0,table-0741-849,12,1.7896851152762396,DirichletLM
50,Q0,table-0741-853,13,1.7891147673578056,DirichletLM
50,Q0,table-0194-131,14,1.7204867642980364,DirichletLM
50,Q0,table-1138-918,15,1.669597508715792,DirichletLM
50,Q0,table-0434-898,16,1.3171146598698296,DirichletLM
50,Q0,table-1633-945,17,1.2637740638980912,DirichletLM
50,Q0,table-0575-909,18,1.105318156205652,DirichletLM
50,Q0,table-0765-619,19,1.094494445986762,DirichletLM
50,Q0,table-1448-914,20,1.0853886709131189,DirichletLM
51,Q0,table-1441-100,1,6.615486335989007,DirichletLM
51,Q0,table-0704-620,2,1.9580495881038857,DirichletLM
51,Q0,table-0218-202,3,1.7379715274180634,DirichletLM
51,Q0,table-1640-1,4,1.412669296815737,DirichletLM
51,Q0,table-0375-763,5,1.2834314590556442,DirichletLM
51,Q0,table-0687-978,6,1.2628392140200675,DirichletLM
51,Q0,table-0375-762,7,1.1970807629266502,DirichletLM
51,Q0,table-0327-289,8,1.1840557110326038,DirichletLM
51,Q0,table-1626-838,9,1.1677546697102401,DirichletLM
51,Q0,table-0056-298,10,1.1660361524839407,DirichletLM
51,Q0,table-0091-144,11,1.0930930088580664,DirichletLM
51,Q0,table-0190-739,12,1.0804755008172555,DirichletLM
51,Q0,table-1375-531,13,1.0781873245817342,DirichletLM
51,Q0,table-0521-373,14,1.0724748101801294,DirichletLM
51,Q0,table-0715-118,15,1.015078798655806,DirichletLM
51,Q0,table-0824-528,16,1.015078798655806,DirichletLM
51,Q0,table-0686-595,17,1.015078798655806,DirichletLM
51,Q0,table-1108-894,18,0.9843256184868849,DirichletLM
51,Q0,table-0290-4,19,0.9831767472466306,DirichletLM
51,Q0,table-0123-682,20,0.9808803761888691,DirichletLM
52,Q0,table-0226-319,1,3.8626353642453246,DirichletLM
52,Q0,table-0180-579,2,2.7356553931081566,DirichletLM
52,Q0,table-1473-640,3,2.7276562713988315,DirichletLM
52,Q0,table-1551-117,4,2.724241606986067,DirichletLM
52,Q0,table-0701-647,5,2.724241606986067,DirichletLM
52,Q0,table-0701-646,6,2.7236732811796673,DirichletLM
52,Q0,table-1497-578,7,2.721969645822214,DirichletLM
52,Q0,table-1533-500,8,2.6600506774225385,DirichletLM
52,Q0,table-0441-134,9,2.2056936565914214,DirichletLM
52,Q0,table-0044-50,10,2.180925751442479,DirichletLM
52,Q0,table-0186-670,11,1.9720292104417114,DirichletLM
52,Q0,table-0383-291,12,1.8775952719323712,DirichletLM
52,Q0,table-1347-123,13,1.8613893670305937,DirichletLM
52,Q0,table-1181-159,14,1.7669188162678338,DirichletLM
52,Q0,table-0016-437,15,1.6965565251366037,DirichletLM
52,Q0,table-0981-339,16,1.4965819028266225,DirichletLM
52,Q0,table-0388-840,17,1.4109829552204236,DirichletLM
52,Q0,table-1619-337,18,1.2068983040487546,DirichletLM
52,Q0,table-1053-92,19,1.1423897946730381,DirichletLM
52,Q0,table-0349-8,20,1.1412475182547825,DirichletLM
53,Q0,table-0587-651,1,5.2663370443115785,DirichletLM
53,Q0,table-0587-650,2,4.405161789603393,DirichletLM
53,Q0,table-1137-398,3,2.9509872589845365,DirichletLM
53,Q0,table-1371-959,4,2.439498643839582,DirichletLM
53,Q0,table-0837-624,5,2.432111012637785,DirichletLM
53,Q0,table-0513-19,6,2.431538628166524,DirichletLM
53,Q0,table-1197-397,7,2.428109082080289,DirichletLM
53,Q0,table-0563-407,8,2.0931716004375103,DirichletLM
53,Q0,table-0297-350,9,2.0931716004375103,DirichletLM
53,Q0,table-1031-529,10,2.0931716004375103,DirichletLM
53,Q0,table-0524-487,11,2.0931716004375103,DirichletLM
53,Q0,table-0469-995,12,2.0931716004375103,DirichletLM
53,Q0,table-1029-430,13,1.7874050752269772,DirichletLM
53,Q0,table-0744-179,14,1.7862664050487753,DirichletLM
53,Q0,table-0569-611,15,1.7856974068000708,DirichletLM
53,Q0,table-0497-863,16,1.7856974068000708,DirichletLM
53,Q0,table-0566-775,17,1.7856974068000708,DirichletLM
53,Q0,table-1399-484,18,1.748076840535366,DirichletLM
53,Q0,table-1414-649,19,1.434452369796857,DirichletLM
53,Q0,table-0898-31,20,1.0989462271138273,DirichletLM
54,Q0,table-1597-117,1,3.4511833426740095,DirichletLM
54,Q0,table-1607-736,2,3.221945624681832,DirichletLM
54,Q0,table-1459-127,3,3.221945624681832,DirichletLM
54,Q0,table-0090-631,4,2.9329347864101614,DirichletLM
54,Q0,table-1625-997,5,2.889548365176595,DirichletLM
54,Q0,table-0115-440,6,2.3348512214110126,DirichletLM
54,Q0,table-0269-965,7,2.2232186252824713,DirichletLM
54,Q0,table-1420-204,8,2.1619464139102873,DirichletLM
54,Q0,table-0925-47,9,2.079657875573478,DirichletLM
54,Q0,table-0539-829,10,1.9962845421910216,DirichletLM
54,Q0,table-1580-218,11,1.9882616053149578,DirichletLM
54,Q0,table-0090-633,12,1.9745596876070355,DirichletLM
54,Q0,table-0809-357,13,1.9745596876070355,DirichletLM
54,Q0,table-1129-534,14,1.9734207927504186,DirichletLM
54,Q0,table-1580-221,15,1.7653147075703801,DirichletLM
54,Q0,table-1644-471,16,1.7470309864673368,DirichletLM
54,Q0,table-0132-894,17,1.7204213604736622,DirichletLM
54,Q0,table-1035-850,18,1.6270421291418375,DirichletLM
54,Q0,table-0808-501,19,1.5214667696785882,DirichletLM
54,Q0,table-0055-450,20,1.5191703986208267,DirichletLM
55,Q0,table-0905-211,1,3.176928947537592,DirichletLM
55,Q0,table-1370-152,2,2.880234734743591,DirichletLM
55,Q0,table-0489-746,3,2.4195707160201048,DirichletLM
55,Q0,table-0253-421,4,2.273857633183657,DirichletLM
55,Q0,table-0634-466,5,2.2704212797347263,DirichletLM
55,Q0,table-0905-212,6,2.085172335985516,DirichletLM
55,Q0,table-0259-714,7,2.056722193425516,DirichletLM
55,Q0,table-1565-115,8,1.8670855697128064,DirichletLM
55,Q0,table-0735-217,9,1.8619238645970275,DirichletLM
55,Q0,table-0480-973,10,1.8596356880017573,DirichletLM
55,Q0,table-1411-1000,11,1.8556400908736221,DirichletLM
55,Q0,table-0366-503,12,1.8533618510936034,DirichletLM
55,Q0,table-0594-743,13,1.8282563736930866,DirichletLM
55,Q0,table-1370-149,14,1.8242528566397755,DirichletLM
55,Q0,table-1370-150,15,1.8213999883166436,DirichletLM
55,Q0,table-1356-971,16,1.8162789987677996,DirichletLM
55,Q0,table-1370-151,17,1.8100445968248553,DirichletLM
55,Q0,table-0668-289,18,1.7839213525957542,DirichletLM
55,Q0,table-1015-954,19,1.463803740586334,DirichletLM
55,Q0,table-1265-769,20,1.4603673871374034,DirichletLM
56,Q0,table-1421-943,1,2.4378860680406977,DirichletLM
56,Q0,table-0088-841,2,1.7994101830497569,DirichletLM
56,Q0,table-0092-395,3,1.7022337997741677,DirichletLM
56,Q0,table-1559-591,4,1.6152380995588764,DirichletLM
56,Q0,table-1448-80,5,1.4917113285786212,DirichletLM
56,Q0,table-1114-461,6,1.4652753403836978,DirichletLM
56,Q0,table-0154-371,7,1.3741918449793824,DirichletLM
56,Q0,table-0420-541,8,1.3050723557561477,DirichletLM
56,Q0,table-0805-12,9,1.1006690302415318,DirichletLM
56,Q0,table-1181-620,10,1.0767142803909577,DirichletLM
56,Q0,table-1106-217,11,1.0705904589472515,DirichletLM
56,Q0,table-0049-13,12,0.9772391970477047,DirichletLM
56,Q0,table-1450-964,13,0.8939750667249875,DirichletLM
56,Q0,table-0573-741,14,0.8876763286189758,DirichletLM
56,Q0,table-1643-422,15,0.8859632529683924,DirichletLM
56,Q0,table-1265-636,16,0.8831126394329942,DirichletLM
56,Q0,table-1565-856,17,0.8831126394329942,DirichletLM
56,Q0,table-0919-443,18,0.8712011914427714,DirichletLM
56,Q0,table-0514-321,19,0.8635006947321302,DirichletLM
56,Q0,table-0546-964,20,0.8577677501046634,DirichletLM
57,Q0,table-1542-271,1,3.394029027788511,DirichletLM
57,Q0,table-0507-188,2,2.6761926808916394,DirichletLM
57,Q0,table-1473-105,3,2.5495757367251892,DirichletLM
57,Q0,table-0834-347,4,2.4677636865411006,DirichletLM
57,Q0,table-0875-544,5,2.366117792133859,DirichletLM
57,Q0,table-0221-888,6,2.3455241196738017,DirichletLM
57,Q0,table-1421-84,7,2.2373159455848333,DirichletLM
57,Q0,table-1098-540,8,2.2277224925954506,DirichletLM
57,Q0,table-1505-632,9,2.144259277066768,DirichletLM
57,Q0,table-0212-250,10,2.015558342988734,DirichletLM
57,Q0,table-0211-555,11,1.9914250385075558,DirichletLM
57,Q0,table-1297-412,12,1.930965951720613,DirichletLM
57,Q0,table-0836-976,13,1.9193020761650004,DirichletLM
57,Q0,table-0212-251,14,1.9110725303590193,DirichletLM
57,Q0,table-0212-252,15,1.905908777363118,DirichletLM
57,Q0,table-1473-106,16,1.816271264825116,DirichletLM
57,Q0,table-1603-678,17,1.8005591907770535,DirichletLM
57,Q0,table-0838-403,18,1.7432637408783842,DirichletLM
57,Q0,table-0218-222,19,1.6971190934093252,DirichletLM
57,Q0,table-1594-454,20,1.6692528286399506,DirichletLM
58,Q0,table-0721-949,1,3.7595570002983236,DirichletLM
58,Q0,table-1289-998,2,2.4218876776041163,DirichletLM
58,Q0,table-0651-51,3,2.0091822088591784,DirichletLM
58,Q0,table-0547-658,4,1.9732535451863933,DirichletLM
58,Q0,table-1015-246,5,1.962280280958216,DirichletLM
58,Q0,table-1356-303,6,1.9565632391001913,DirichletLM
58,Q0,table-0806-10,7,1.8998377023239275,DirichletLM
58,Q0,table-0721-948,8,1.86303922197704,DirichletLM
58,Q0,table-0817-634,9,1.715041032246592,DirichletLM
58,Q0,table-0462-618,10,1.7110343384250224,DirichletLM
58,Q0,table-1606-648,11,1.6755650495020629,DirichletLM
58,Q0,table-0293-842,12,1.409068271688429,DirichletLM
58,Q0,table-1361-246,13,1.4043584113729213,DirichletLM
58,Q0,table-0302-402,14,1.3992089887463484,DirichletLM
58,Q0,table-1446-783,15,1.3986379635891255,DirichletLM
58,Q0,table-1599-633,16,1.397496590870662,DirichletLM
58,Q0,table-0837-518,17,1.3338759481918105,DirichletLM
58,Q0,table-0627-582,18,1.33043959474288,DirichletLM
58,Q0,table-0967-600,19,1.3292959600885508,DirichletLM
58,Q0,table-0978-10,20,1.3270114068939969,DirichletLM
59,Q0,table-0722-460,1,5.146914591402638,DirichletLM
59,Q0,table-1054-794,2,4.4614438469458095,DirichletLM
59,Q0,table-1088-407,3,3.2319153866310497,DirichletLM
59,Q0,table-1542-143,4,3.2273589070710123,DirichletLM
59,Q0,table-1592-662,5,2.8184740620469175,DirichletLM
59,Q0,table-1488-994,6,2.8161895092104063,DirichletLM
59,Q0,table-1542-144,7,2.3332175282739565,DirichletLM
59,Q0,table-0859-400,8,2.327495951777341,DirichletLM
59,Q0,table-0228-438,9,2.3263529966894,DirichletLM
59,Q0,table-1264-76,10,2.322926845388233,DirichletLM
59,Q0,table-0801-851,11,2.3217856984159617,DirichletLM
59,Q0,table-1384-963,12,2.3183649628857563,DirichletLM
59,Q0,table-0833-662,13,2.31608672346082,DirichletLM
59,Q0,table-1421-438,14,2.3126727336145603,DirichletLM
59,Q0,table-0043-587,15,2.310398982447427,DirichletLM
59,Q0,table-1421-433,16,2.308127021635729,DirichletLM
59,Q0,table-1524-552,17,2.305856848362226,DirichletLM
59,Q0,table-1490-102,18,2.3047224311737278,DirichletLM
59,Q0,table-1219-20,19,2.2810021207536058,DirichletLM
59,Q0,table-0151-850,20,2.1017268441732297,DirichletLM
60,Q0,table-1137-398,1,2.613220939548039,DirichletLM
60,Q0,table-0218-222,2,1.6971190934093252,DirichletLM
60,Q0,table-1330-63,3,1.6301446747996664,DirichletLM
60,Q0,table-0073-146,4,1.2286148702201565,DirichletLM
60,Q0,table-0902-57,5,1.1846697756967517,DirichletLM
60,Q0,table-1568-191,6,1.070962261669095,DirichletLM
60,Q0,table-1052-535,7,1.0698165836386457,DirichletLM
60,Q0,table-0604-281,8,1.0561038128857598,DirichletLM
60,Q0,table-0354-778,9,1.0524544033512326,DirichletLM
60,Q0,table-1542-271,10,1.0160012135436753,DirichletLM
60,Q0,table-0030-123,11,0.9273090683669312,DirichletLM
60,Q0,table-0631-733,12,0.9121972776914897,DirichletLM
60,Q0,table-0633-791,13,0.9110574830561754,DirichletLM
60,Q0,table-0631-817,14,0.9110574830561754,DirichletLM
60,Q0,table-0631-704,15,0.909918138487856,DirichletLM
60,Q0,table-0633-768,16,0.9087792436312392,DirichletLM
60,Q0,table-0820-938,17,0.9087792436312392,DirichletLM
60,Q0,table-0478-203,18,0.9087792436312392,DirichletLM
60,Q0,table-0631-736,19,0.9087792436312392,DirichletLM
60,Q0,table-0662-561,20,0.9087792436312392,DirichletLM
